{"config":{"run":"vqe-bigT-simulation","bigT":[15,20.0,30.0,40,45],"nqubits":3,"state":"dmatrix","output":{"file_name_prefix":"vqe-time-rel-noise-experement","draw":{"status":true,"fig_dpi":100,"type":"png"}},"observable":{"def":"ising","coefficients":{"cn":[0.5,0.5],"bn":[1.0,1.0,1.0],"r":1}},"ansatz":{"layer":30,"gateset":1,"ugate":{"type":"xy-iss","coefficients":{"cn":[0.5,0.5],"bn":[0,0,0],"r":0},"time":{"min":0.0,"max":15}}},"vqe":{"iteration":1,"optimization":{"status":true,"algorithm":"SLSQP","constraint":true}},"init_param":{"value":"random"},"noise_profile":{"status":false,"type":"dephasing","noise_prob":[0.001,0.001,0.0,0.0],"noise_on_init_param":{"status":false,"value":0}},"redundant":{"identity_factors":[[0,0,0,0],[1,1,1,1]]},"zne":{"method":"richardson","degree":1,"sampling":"default","data_points":null}},"output":{"exact_sol":-3.493959207434935,"initial_cost_history":[0.6745241844749241],"optimized_minimum_cost":[-3.484435128419265],"optimized_parameters":[[0.09799833093853313,0.39640901757644054,0.577240096373707,0.9227260417845367,1.2683341287059353,1.6663219062133667,3.305972827759403,3.471859312509113,3.512849004420809,3.568723180630489,3.617837450188283,3.6784389856049646,3.918358503149868,4.344937642868368,6.564369801740638,7.189245357490408,8.216720893359724,8.596316169485645,9.480690938248394,11.372608670525553,11.417407437428244,11.498631347183213,11.985098979355133,12.14123299750972,12.304423415265795,13.716782442724975,14.043863576937289,14.081689750423786,14.111098305958576,15.0,-0.12152596365487195,-0.1734771623902617,-0.06314457130847778,-0.19546113641085572,-0.044499499868148336,-0.15881648405760757,0.02306482791361812,-0.12627388040590104,0.07593423434622062,-0.22356942096796187,0.27712380633183753,-0.10933144433496826,0.4539491012110608,0.18407578361198784,0.30353746894305106,0.2117779269469333,0.2253881549458706,0.26025090623791847,0.17095390850508416,0.2400579804270429,0.12325003301997324,0.2620509130446423,0.187097304919328,0.19092501948119206,0.09006860539027348,-0.014341615397658958,-0.0216014238917014,-0.16204066637041287,-0.08902899742420838,-0.07920967008087205,0.034107711619687446,0.2050097059719484,0.16337980740110153,-0.026149020535451137,0.05190245578506533,-0.22337313908629383,-0.10984347576857006,-0.08780066890505879,0.023470924077158187,0.16756013363321443,0.078618977812876,0.1761640414013066,0.07199793637699167,0.2543459726945545,0.19764388185852383,0.26774987734468764,0.2709401980475364,0.24260639635373057,0.2830964068925729,0.17303797877380936,0.1475186424154322,0.058074893517473886,0.08162534215025621,0.09842806479821593,0.1186243693272975,0.23761465893541844,0.027530815798284248,0.2519117997487494,0.0905065396063635,0.21916654920786136]],"noise_details":{"identity_factors":[0,0,0,0],"noise_level":[0,0,0,0],"gates_num":[4,1,1,0],"noise_profile":{"status":false,"type":"dephasing","noise_prob":[0.001,0.001,0.0,0.0],"noise_on_init_param":{"status":false,"value":0}},"odd_wires":2},"run_time_sec":2.566932201385498},"others":{"observable_string":"1 X 0 X 1 + 1 Z 0 + 1 X 1 X 2 + 1 Z 1 + 1 Z 2","time_evolution_gate_hamiltonian_string":["0.5 X 0 X 1 + 0.5 Z 0 Z 1 + 0.5 X 1 X 2 + 0.5 Z 1 Z 2"]}}