{"config":{"run":"vqe-bigT-simulation","bigT":[10.0,20.0,30.0],"nqubits":3,"state":"dmatrix","output":{"file_name_prefix":"vqe-time-rel-noise-experement","draw":{"status":true,"fig_dpi":100,"type":"png"}},"observable":{"def":"ising","coefficients":{"cn":[0.5,0.5],"bn":[1.0,1.0,1.0],"r":1}},"ansatz":{"layer":30,"gateset":1,"ugate":{"type":"xy-iss","coefficients":{"cn":[0.5,0.5],"bn":[0,0,0],"r":0},"time":{"min":0.0,"max":20.0}}},"vqe":{"iteration":1,"optimization":{"status":true,"algorithm":"SLSQP","constraint":true}},"init_param":{"value":"random"},"noise_profile":{"status":false,"type":"dephasing","noise_prob":[0.001,0.001,0.0,0.0],"noise_on_init_param":{"status":false,"value":0}},"redundant":{"identity_factors":[[0,0,0,0],[1,1,1,1]]},"zne":{"method":"richardson","degree":1,"sampling":"default","data_points":null}},"output":{"exact_sol":-3.493959207434935,"initial_cost_history":[1.9228385815818754],"optimized_minimum_cost":[-3.4844336795404813],"optimized_parameters":[[1.560710208028881,3.0495927489737618,4.388906753003105,4.45411392048449,5.292532171756826,7.626766749835093,7.761679800332296,8.035074965923394,8.91114014894481,9.130739869243872,10.494135622333479,10.818695900738971,11.401980875760644,11.524750384659633,12.414317753402457,13.124549556639034,13.500569120874838,14.324516204301707,15.285216835891795,16.562723058350144,16.809887253779024,17.106546611214206,17.381456721524508,17.828048467038027,18.073220892479494,18.102483469643584,19.832190221045707,19.846471643046833,19.928935435720657,20.01019611719072,0.07532550915436224,-0.07052412473884247,0.3782244931242034,-0.22336289229119793,0.6052852312468552,0.3674259302965284,0.6202343849318661,0.25201071338081654,0.44783818316383434,-0.08529548396585213,0.32295272206279385,0.32123898577985044,0.36132738900511713,0.4697472794729648,0.6196130642782587,0.2847410231775376,0.8257395982506577,0.05785004173117925,0.7458694100210831,0.2559502772919683,0.26103371958285876,-0.10866362481470222,0.09523789301323592,-0.05889466446704672,0.02120100866701276,0.1214682592174976,0.12977898948530475,0.07934028392832086,0.49770560081146115,-0.01710389544021862,0.5856623602690395,0.16780993705628935,0.6477973396895585,0.36418577877136055,0.5259804382172253,-0.16305706004228523,0.08877943985534653,-0.23841331604256516,0.31886954395135175,-0.19556451763037525,0.3887823455043138,0.0533135529418688,0.466881599313173,0.26037261399298195,0.5195876053110637,0.31652790541618475,0.7059802221525535,0.2803425053288483,0.7272278518175901,0.1312064063899431,0.7322790650870664,0.08150834041242862,0.2457210834528695,0.1087210487719637,0.16117214616789113,0.04140395004929436,0.23065853387222832,0.17439481131587128,0.13160071861853997,0.22832466124089223]],"noise_details":{"identity_factors":[0,0,0,0],"noise_level":[0,0,0,0],"gates_num":[4,1,1,0],"noise_profile":{"status":false,"type":"dephasing","noise_prob":[0.001,0.001,0.0,0.0],"noise_on_init_param":{"status":false,"value":0}},"odd_wires":2},"run_time_sec":2.652670383453369},"others":{"observable_string":"1 X 0 X 1 + 1 Z 0 + 1 X 1 X 2 + 1 Z 1 + 1 Z 2","time_evolution_gate_hamiltonian_string":["0.5 X 0 X 1 + 0.5 Z 0 Z 1 + 0.5 X 1 X 2 + 0.5 Z 1 Z 2"]}}