{"config":{"run":"vqe-bigT-simulation","bigT":[10.0,20.0,30.0],"nqubits":3,"state":"dmatrix","output":{"file_name_prefix":"vqe-time-rel-noise-experement","draw":{"status":true,"fig_dpi":100,"type":"png"}},"observable":{"def":"ising","coefficients":{"cn":[0.5,0.5],"bn":[1.0,1.0,1.0],"r":1}},"ansatz":{"layer":30,"gateset":1,"ugate":{"type":"xy-iss","coefficients":{"cn":[0.5,0.5],"bn":[0,0,0],"r":0},"time":{"min":0.0,"max":30.0}}},"vqe":{"iteration":1,"optimization":{"status":true,"algorithm":"SLSQP","constraint":true}},"init_param":{"value":"random"},"noise_profile":{"status":false,"type":"dephasing","noise_prob":[0.001,0.001,0.0,0.0],"noise_on_init_param":{"status":false,"value":0}},"redundant":{"identity_factors":[[0,0,0,0],[1,1,1,1]]},"zne":{"method":"richardson","degree":1,"sampling":"default","data_points":null}},"output":{"exact_sol":-3.493959207434935,"initial_cost_history":[0.265139358918123],"optimized_minimum_cost":[-3.4844352046694955],"optimized_parameters":[[0.7889359585897154,2.410627717372517,3.5623750161178664,3.9279249547433097,5.272736652684174,7.490561683834145,9.065842630043285,9.973671863862252,10.053612892759388,14.239700107970592,14.709880300141855,15.406557394018625,15.943562166984847,18.821173813778973,19.080769993225314,20.969334792982966,20.996447755743095,22.623342204438693,23.729815209996758,24.77808649038562,25.057218212010145,25.82059159226228,26.220735156997627,26.918770786370235,27.22075775381105,28.468043486899084,28.659124220075398,29.13397485100959,29.23018926855929,30.000000049331383,-0.14098299669535622,0.193676955161082,0.015457448246766398,-0.19581829355022884,0.599933834327467,-0.26252290231414777,0.6221299841883713,0.07922705398038482,-0.118134746085964,0.3397908786570845,0.2395773624034752,-0.16941303030365065,0.4071683722245024,0.46663123190977357,-0.02580417414172308,0.24352882397512254,0.0927778168281116,0.1580418109917129,0.20903093598060585,0.19887733271601146,0.15686839339344036,0.00478032858674844,0.0487157182939844,0.010293496979501132,-0.010829475896505358,0.032214211422148524,0.16657581497185234,-0.03198169114056454,0.18224038294010922,-0.17481173849676618,-0.09431276820167701,0.08398610603328602,-0.2386819190104949,0.03101550906466472,0.12709195481214727,0.16374202876206365,0.15029100012625535,-0.17436951907189904,-0.04525639213834297,0.09269703660556006,-0.08654632558095894,0.09826745231285086,-0.16034358461905399,0.35027745951056977,-0.1556154236856143,0.5374670225840359,0.15535907349877995,0.2008703032670046,0.1851997449888381,-0.040286177721249636,0.218940841565323,0.061296008979121824,0.1879338686326668,0.20373997698355728,0.23651224355481884,0.3047974655829424,0.09861898214044791,0.3163967126933595,0.11718766423898173,0.304113083778448]],"noise_details":{"identity_factors":[0,0,0,0],"noise_level":[0,0,0,0],"gates_num":[4,1,1,0],"noise_profile":{"status":false,"type":"dephasing","noise_prob":[0.001,0.001,0.0,0.0],"noise_on_init_param":{"status":false,"value":0}},"odd_wires":2},"run_time_sec":2.9643235206604004},"others":{"observable_string":"1 X 0 X 1 + 1 Z 0 + 1 X 1 X 2 + 1 Z 1 + 1 Z 2","time_evolution_gate_hamiltonian_string":["0.5 X 0 X 1 + 0.5 Z 0 Z 1 + 0.5 X 1 X 2 + 0.5 Z 1 Z 2"]}}