{"config":{"run":"vqe-bigT-simulation","bigT":[10.0,20.0,30.0],"nqubits":3,"state":"dmatrix","output":{"file_name_prefix":"vqe-time-rel-noise-experement","draw":{"status":true,"fig_dpi":100,"type":"png"}},"observable":{"def":"ising","coefficients":{"cn":[0.5,0.5],"bn":[1.0,1.0,1.0],"r":1}},"ansatz":{"layer":30,"gateset":1,"ugate":{"type":"xy-iss","coefficients":{"cn":[0.5,0.5],"bn":[0,0,0],"r":0},"time":{"min":0.0,"max":20.0}}},"vqe":{"iteration":1,"optimization":{"status":true,"algorithm":"SLSQP","constraint":true}},"init_param":{"value":"random"},"noise_profile":{"status":false,"type":"dephasing","noise_prob":[0.001,0.001,0.0,0.0],"noise_on_init_param":{"status":false,"value":0}},"redundant":{"identity_factors":[[0,0,0,0],[1,1,1,1]]},"zne":{"method":"richardson","degree":1,"sampling":"default","data_points":null}},"output":{"exact_sol":-3.493959207434935,"initial_cost_history":[0.7839017820819557],"optimized_minimum_cost":[-3.4844351422187354],"optimized_parameters":[[0.24150625956835808,0.8618282832714893,0.9755392808176786,1.1831797284883299,1.3709868621642527,5.732529966961377,6.465246474548041,7.15035751192863,7.183321780642025,8.425126642761192,8.64737590391244,9.725336517585111,9.783235785747875,10.838875790447169,11.863504231842679,12.602757851638803,12.81711534365072,13.150127945575449,13.708306594532754,13.97371469546788,14.682940625890948,14.910009469515169,15.505986777634929,17.1541058402899,19.039196699216987,19.111522378440487,19.27499906845514,19.385138011843498,19.615031403097678,20.056076382123827,0.18306706108300252,-0.12130558075319162,0.15216916961581364,0.005587683796005792,0.11282010585996828,-0.010380967472761423,0.06475574727570303,0.2697604549016304,0.07754758438685884,0.2118743594397578,-0.19058015364737801,0.23755065188715993,-0.06631618654831344,-0.2763530566588287,0.27746631457192494,-0.19759824281628396,0.21934408206335815,-0.06671018121386403,0.264290763869592,0.30607174558760075,0.24832017757110184,0.07394453225776178,-0.39570717133224165,0.4277848942062398,-0.34624742604521097,0.576242243955433,-0.16534575374311614,0.022312169089237353,0.2976241799004888,0.2610261996704058,0.4207641111337265,0.47748532010997036,0.45178501726110126,0.35949996531841916,0.4317278508896807,0.018511385961936,0.12790525369178696,0.030260117585523244,0.05940807918089044,0.2740572054479,-0.24138216479618904,0.5607699749175555,-0.22337375767788717,0.554970364685718,0.05030591172657299,0.06754510747486217,0.3720870311273335,-0.06938407059062829,-0.148773116095436,0.8202444405796245,-0.091046122953166,0.8220676060123958,0.014818156123734981,0.9156737252422514,0.04152086950978682,0.9263118904419615,0.04976519306933408,0.5145841732620675,0.24253826668258943,0.20134453985572415]],"noise_details":{"identity_factors":[0,0,0,0],"noise_level":[0,0,0,0],"gates_num":[4,1,1,0],"noise_profile":{"status":false,"type":"dephasing","noise_prob":[0.001,0.001,0.0,0.0],"noise_on_init_param":{"status":false,"value":0}},"odd_wires":2},"run_time_sec":4.047899961471558},"others":{"observable_string":"1 X 0 X 1 + 1 Z 0 + 1 X 1 X 2 + 1 Z 1 + 1 Z 2","time_evolution_gate_hamiltonian_string":["0.5 X 0 X 1 + 0.5 Z 0 Z 1 + 0.5 X 1 X 2 + 0.5 Z 1 Z 2"]}}