{"config":{"run":"vqe-bigT-simulation","bigT":[10.0,20.0,30.0,40.0,50.0,60.0,70.0,80.0,90.0,100.0],"nqubits":3,"state":"dmatrix","output":{"file_name_prefix":"vqe-time-rel-noise-experement","draw":{"status":true,"fig_dpi":100,"type":"png"}},"observable":{"def":"ising","coefficients":{"cn":[0.5,0.5],"bn":[1.0,1.0,1.0],"r":1}},"ansatz":{"layer":30,"gateset":1,"ugate":{"type":"xy-iss","coefficients":{"cn":[0.5,0.5],"bn":[0,0,0],"r":0},"time":{"min":0.0,"max":40.0}}},"vqe":{"iteration":10,"optimization":{"status":true,"algorithm":"SLSQP","constraint":true}},"init_param":{"value":"random"},"noise_profile":{"status":false,"type":"dephasing","noise_prob":[0.001,0.001,0.0,0.0],"noise_on_init_param":{"status":false,"value":0}},"redundant":{"identity_factors":[[0,0,0,0],[1,1,1,1]]},"zne":{"method":"richardson","degree":1,"sampling":"default","data_points":null}},"output":{"exact_sol":-3.493959207434935,"initial_cost_history":[0.33584070648248576,1.1062338933576645,2.2993251578527385,1.1349815171858495,0.7657099888692566,1.6703457291422241,2.6031098167658144,2.3435510197349396,1.0593385925524603,2.4945507609284467],"optimized_minimum_cost":[-3.4844352833638648,-3.484433986711366,-3.4844349581399663,-3.4844351500213,-3.484435249378638,-3.484435282360624,-3.4844350096530925,-3.484435328491107,-3.4844352904595057,-3.4844351598200793],"optimized_parameters":[[0.26040024352735075,3.5078481750157886,4.800542976110858,5.794501320436767,9.319501895653076,10.023840733600997,13.29577021836201,15.842297754928907,16.284477916246704,16.746991765299576,17.066677360093742,17.42784241331672,17.873251519055806,18.541088810171452,19.43906600213054,20.165534285398405,21.415151107138332,22.876576571360907,23.378329778521724,24.208530348417828,28.634088944430893,28.64892634443971,28.882780158987885,29.228127416308165,30.649701564184426,30.688937997988006,30.792252543434042,34.35267535606822,35.47518926080844,40.00000004471765,-0.24215101806559639,0.10447280868684293,-0.14343650721759033,-0.12176723743244593,0.7725040348045701,-0.2516007667411002,0.39737658650097013,0.15596449709162946,0.5942099315074764,-0.10210387054837167,0.4666869856410344,0.20706137408209427,0.2413432914324464,0.00017697949075329424,0.07391532225396397,0.02194520989530215,0.042021279920697124,-0.12939383034677407,0.04842679208196728,0.008188715996410264,-0.03751509335851186,0.09625823564021851,-0.1984604505571108,0.13157635374106333,-0.18977393571393308,0.14479090598769231,-0.12245578289275137,0.20829706403604917,0.062312203820858586,0.3778552752081259,0.16784435458112562,0.06333718618955587,-0.26128724617664345,0.13821734494783713,-0.38238030271122053,0.11517918147535974,-0.21131919980095434,0.16643980002394118,0.30399692718022375,0.11256213764637604,0.3677585223578118,0.09385207732028925,0.4726518087738668,-0.0499227532435981,0.4053661870225513,-0.07213551680780403,0.23775546071475007,0.008797325494726027,-0.03503515504766268,0.2823251238903152,-0.07355194718291001,0.2423146051976262,-0.014253469062385598,0.2152345221560944,-0.027415272942201176,0.3250906272805042,0.1340012325073226,0.04975700076835135,0.14275307283321167,0.051957077009208485],[0.39106638371938973,2.604254190526788,4.462689428622126,6.3855914993260035,6.520118709188026,6.587577933455345,6.739018714077682,8.325741228598888,9.32979526470963,15.049979749879231,16.620262258031644,17.291094806128232,20.18762745235527,23.48127220398751,24.178611629506594,24.37733031303154,26.355715956511318,27.082028367731187,27.702605039099105,28.622299373135004,30.73627129062646,31.010696688031295,31.168966090651203,31.52080864453221,32.94025049199182,33.456560641822016,34.42574976464347,35.413368623998124,37.30800546597851,39.99999998376849,0.26489089353090384,0.35467286644979434,0.12668138867639517,0.4266801606671374,1.0929115398579516,0.10456081427549148,0.23083405777449806,0.5059927633804516,0.15035529214489482,0.6119811724062291,0.11183410889184926,0.5667406812748153,0.06420271957954803,0.5340007123936845,0.34543978645658374,-0.009315905069523447,0.8157656415496539,0.21875161195850035,0.3538761021371022,0.544059034041964,0.13465123857988512,0.20238071613350767,0.28483044397015095,0.03227993023513312,0.26433665158794517,0.5839416423274095,0.4589359796535023,0.5284073348797961,0.32065555653982886,0.6979432198962657,0.28460612918918893,0.6693223249288146,0.13524938858487348,-0.01695665183890291,0.3430524732095083,0.34009525859215245,0.3078329613562557,0.6817870533913812,0.370379140861964,0.39375811807710814,-0.16608128570509223,0.09828848921892248,-0.27835110260067875,0.1722422519323627,-0.30176508662620694,0.251538953600245,-0.22999669049167332,0.36763074257230494,0.7443853329384714,0.23171316575255516,0.8080346224875425,0.08943884394749929,0.15165410867428877,0.4150207474566434,-0.29135401446157005,0.2607540444641976,0.912522187302281,0.08018191106480592,0.13942543655357045,0.27985970764297147],[0.7960468862845136,1.5420302478301846,1.9331501571285095,3.2108798402294965,3.284924165926392,5.913455311427622,10.72283699538597,11.010990917563204,11.094916401100823,13.08787146369105,13.25585784672926,13.839500159135275,15.62417105335212,16.273743559468386,16.820866430006074,22.645364622622107,22.86374882290059,23.027392289738767,24.60243921421135,28.22865678490121,31.01713088647238,31.575209371552205,32.3042543179958,34.06944969817727,34.121068868789756,35.14668210075582,35.972589604322714,37.16368232956731,38.10248013163139,40.00000002372598,0.28148950533134903,0.1569371300418838,0.3438281163339528,-0.10107774639163473,0.5218720728961039,0.05123278572533293,1.1852394854305603,-0.07921249932659921,0.9572019772459424,-0.8497571164038833,-0.002416545267566239,0.024446854240108718,0.31942809310667125,-0.27925769100681797,0.7524242769049372,-0.20338736354033732,0.8574007632851801,0.012813788338481829,0.49732848981998184,-0.44948817855647344,0.4378767491572403,-0.16108620101611243,0.2565894304782004,0.37932353112900224,0.31012555572257017,0.02329448832066189,0.505967309400348,0.0257006842279637,0.5438863123635413,-0.40906134286882895,0.3910459419320227,0.24283554432660154,0.3916872007221235,0.23259818705120375,0.401723131978466,0.011474218137706977,0.8486433016552583,-0.19447451241938077,0.6121041046991925,-0.37862383077879175,0.11109820697111332,-0.38163314401914195,0.08951441345410958,-0.0066569591974236135,0.2666619228218609,0.02053465426590528,1.0826391872877685,-0.26583395026593715,1.120881989384564,-0.03462576302786826,0.28418269250421396,-0.5863095827943456,0.18928008775368085,0.19214183992578165,0.6984721077931589,0.28671930566879195,0.616929949653601,0.34453210341948837,0.7599674077472053,-0.14969187422405067],[1.9784020451891233,4.888370027615121,5.587332848502113,5.945379451676107,7.052726450275371,7.804494657357476,7.903044675987806,9.75400153817097,10.437755209806689,10.698321819933845,10.728394853026046,12.60578875174,15.288440883916913,15.712528784099081,18.70764110414959,19.272887505700382,19.27943444908765,19.75151850622068,23.567348835139484,26.14053913744573,26.702071227632477,27.043103743271836,27.103549212670778,27.315606005342552,28.49194829688257,30.05209117617562,30.650905872026467,35.037049317765494,39.010996314183735,39.99999998973131,-0.33837907308437687,0.04703773626223965,0.38934623757622744,-0.192168699560794,0.28849161727540884,0.24622924611989794,0.0761423432662598,0.24536886741732308,0.029954231717643904,0.06487503548359556,0.0709664520943631,-0.11467637443924061,0.05168134520904169,-0.14137794105701842,0.1600226547434969,0.22867039480753806,0.1014313624748029,0.2740608989921975,0.1570366236399534,0.14178203324297167,0.2285274091328014,0.07223971173144954,-0.07585977252825979,-0.1120535417843161,0.29684248693296783,0.018919357841774894,0.40508035623116656,-0.16013580173915526,-0.20237227298793745,0.19142833512798493,0.080495238634005,0.28545142866378387,0.0683918610326714,0.27607476282784704,0.3011205462702715,-0.06833081043155623,0.15379052272001845,0.30171531080280045,0.03763044972021766,-0.1369691053472687,0.07516277117259053,