{"config":{"run":"vqe-bigT-simulation","bigT":[10.0,20.0,30.0,40.0,50.0,60.0,70.0,80.0,90.0,100.0],"nqubits":3,"state":"dmatrix","output":{"file_name_prefix":"vqe-time-rel-noise-experement","draw":{"status":true,"fig_dpi":100,"type":"png"}},"observable":{"def":"ising","coefficients":{"cn":[0.5,0.5],"bn":[1.0,1.0,1.0],"r":1}},"ansatz":{"layer":30,"gateset":1,"ugate":{"type":"xy-iss","coefficients":{"cn":[0.5,0.5],"bn":[0,0,0],"r":0},"time":{"min":0.0,"max":30.0}}},"vqe":{"iteration":10,"optimization":{"status":true,"algorithm":"SLSQP","constraint":true}},"init_param":{"value":"random"},"noise_profile":{"status":false,"type":"dephasing","noise_prob":[0.001,0.001,0.0,0.0],"noise_on_init_param":{"status":false,"value":0}},"redundant":{"identity_factors":[[0,0,0,0],[1,1,1,1]]},"zne":{"method":"richardson","degree":1,"sampling":"default","data_points":null}},"output":{"exact_sol":-3.493959207434935,"initial_cost_history":[1.634846556811004,1.9764310115020396,1.8308844479771997,1.9490368483266725,1.562107102225633,1.2222032944589605,1.5292849999310008,0.7905252954121083,0.20611306960988351,1.76031625284649],"optimized_minimum_cost":[-3.4844349496048697,-3.484433802702113,-3.4844349501276497,-3.4844350697406123,-3.4844323343977095,-3.484435148777859,-3.484435261461137,-3.484435237183893,-3.4844351948768324,-3.4844351996325518],"optimized_parameters":[[0.07211245964701546,2.3712281850838504,2.4517099722285427,3.364790553041887,5.310936595629057,5.627343820181366,9.73952216532477,9.914214388441865,10.443931037192266,10.773437556779713,11.809539873453323,12.225748753671539,15.254783772475713,16.244820601092453,16.670992475740338,17.941895602875604,18.40353274193815,18.81691703462771,19.808483049548613,19.88548860302162,22.84034489530074,23.54941222600619,23.800738519608032,24.83160842253028,25.56808719961473,26.399659619293846,28.607094122345423,29.53174608898221,29.749290659454747,30.000000033935606,-0.022304988265348526,0.5440138508772336,-0.444858153874706,0.6482390384223129,-0.37255447484789656,0.7271545143287588,0.9705017178187819,0.01700545170064022,0.22506285437196327,0.6844968116378426,-0.04833306360509194,0.8154707838174532,0.32130881375065357,0.6777384713917125,0.2527344346191079,0.729130724426147,0.055125304414113244,0.6593928101875467,-0.1676607755145382,0.5272278574579012,0.2307160130540773,-0.11205542518859496,0.6184115412925627,0.32191981733044417,-0.3254987974829686,0.5739952342615361,-0.23813016847813304,0.13698662330944683,-0.046029782501358286,0.22427888650438033,0.6511422113690205,0.911868491529675,0.5374159902816132,0.7654623879629597,0.5510344092896521,0.5752447794466791,-0.11256788194010213,0.7825793519699228,-0.48011029646199854,0.5399499573820872,0.529590936737606,0.714709988186034,-0.05668716729625139,1.1185565805148547,-0.21882819832392542,1.2162088146297492,-0.696866394122951,-0.09061986555794058,-0.3464908352365251,-0.3049480677602349,0.5995857559458471,0.9040462280664712,-0.34032833479757924,0.8971575966539954,-0.32710890371506696,0.04661992247922133,-0.2855868750011221,-0.12369525657963407,0.0883973819862857,-0.13271252966573674],[0.043576228620955434,1.5711433537735642,1.61220177937521,1.85423477695081,2.652839359480841,4.785596479665934,6.80890634823647,7.220166438200697,8.814147305732549,8.923178804051611,9.253952035729311,9.962597663606152,10.69733939732173,12.38029472751995,14.653170388292605,15.17172278770453,15.402176866356681,16.069592893888988,16.15035593351869,17.49741725957548,18.11573524675787,19.97385300135669,23.040932748772775,23.351705508147145,23.8578949181443,25.526366344037797,25.539651866308187,27.25143727520422,27.464829716413895,30.000000007610186,0.7685854097052922,0.8010667256109492,0.48355251606135025,0.5185298093252853,0.32820849632166765,0.38168079656217363,0.1745838488549754,0.3639315446739388,0.8797809859146086,-0.7855852246050493,0.5499008235084978,0.38445147385698736,0.2436815492114544,-0.2922345771000857,0.31819222632488425,-0.4954667344706207,1.1713588709139688,0.37818690168568786,1.1841812336572501,0.21573168127591347,0.748427960196743,0.3699146363109751,0.105077084337248,0.16878218742139892,-0.2658404600083782,0.5350287354743202,0.3739132307428596,-0.334059836490124,0.23090697688884468,0.2452216848911568,-0.26928140544272344,0.5479908416823023,-0.38903124793456967,0.15680037381608095,-0.35072205947658114,-0.6908849625567446,-0.4114389604719154,-0.6683943231056791,0.9445377687733326,0.616645810054285,1.190942457991667,0.949978842103517,-0.07460653832070432,0.030495484657217752,1.0362373233118076,0.7473990481673282,0.035633039081963726,1.1566030750831524,-0.7765784838069051,1.2707914748430942,-0.024318282189724604,-0.3976656757181854,0.014405352109979744,-0.43902507260194834,1.0931234524816715,0.5130641280556606,1.375521030238518,-0.10001762727750028,0.4831283237258452,-1.1849992580550888],[1.1408062438996398,3.236469781002351,3.4826765492471394,3.5244290270363337,4.758169756300394,5.076236476586172,5.526369188122942,5.748408641644004,6.071830226185759,9.067557818980221,9.553631391719545,9.626569665583562,9.903711534207915,10.887848560830554,14.400497374909106,15.784094951506816,15.825048003642165,16.585584798498637,18.08510476873027,18.928806888091096,19.48973383893662,22.44055473721806,24.09843073092691,26.066870901013708,26.838790697871897,27.09237128339877,28.42579026797613,28.693483567906235,28.76122248308933,29.99999999251876,0.4497421238715757,0.19036044822706558,0.8249517407068155,0.30342049162518925,0.9475188760678587,-0.7206187578632344,0.841640724504225,-0.9467995710269173,0.27230510021570165,0.27642471058173773,0.3876100846107096,0.02899964860505851,0.6189096435886691,-0.2138720067006751,0.6987611609125205,-0.2360090852802557,0.6629355129892475,-0.23309501696387963,0.796725901091471,0.15576380195903847,0.6049844232504671,0.12330659271746834,0.49107722159630596,0.3583125649670141,0.23334618110265512,0.5138150435164086,0.17945735066821866,0.31019824455799755,0.16772177797260776,0.7494121968016799,-0.1754207890097771,-0.2578072557037752,-0.038231311545635596,-0.2758412718347262,0.4247569766009212,-0.5357309253145539,0.984614165576864,0.7015140467670318,0.5637963074716236,0.5387067186419782,0.13581539157389716,0.06919918786974556,1.1712224502349515,0.8695404577582881,-0.36691305537266466,-0.18444701356397256,0.4536845921069602,-0.48951820914881716,0.9369079349601307,0.3546857702278413,1.087690135749486,0.3905478802113987,-0.13057149809150304,0.027272983161313893,-0.22905483230163098,0.0468165283668311,-0.23934372964605924,0.27833560389995965,-0.08377011108491007,-1.175823412665491],[0.6683869789044232,1.5478199848328351,1.8264093224333477,4.997138237207811,6.872671658760942,6.885076005322098,6.902493691117284,8.240420682662975,8.523392184639311,9.622525158250912,10.566925508788819,11.97325086283174,12.1006118248782,12.75361679924535,13.45510006267748,17.86542523602846,17.911266477568393,19.75110583322846,19.88375773955752,20.87870857291131,21.231432405054303,21.355320510027624,21.724534895746956,24.335959548082066,24.91235687724668,25.290716768648736,25.373528290674983,29.616487186706575,29.834278458789324,30.03232494570071,0.39773456881192343,0.7730487832673162,0.2590357103964778,0.4716570892297424,0.08114048656320287,0.4159428625386036,-0.2113934506873864,0.542100443184114,0.21266689588717191,-0.013514834908519454,0.11698049576866734,0.015512974486684336,0.0003021142292106589,-0.05134133699351858,0.8753592122987609,1.8657304294488775,1.2466333024568235,1.0053867622355905,0.7335956923749691,0.2643066501980672,-0.35421577672393323,0.5111567461145098,0.3955881696149539,0.09476023074613577,0.68438361017246,0.3772860687682558,0.7193919703337658,1.0750308439927294,0.9612233194664648,0.911996762271172,1.4448678200568188,1.0045715056356546,1.225983309380116,1.1696318817944495,-0.7924496371997125,0.6237131304055783,-0.918423590631701,0.8991687117853973,-0.27705448260796117,-0.07081545039417518,0.2358251864838883,0.21147021813381892,0.3145384386592215,0.363217700979348,0.5924560761238329,