{"config":{"run":"vqe-bigT-simulation","bigT":[10.0,20.0,30.0,40.0,50.0,60.0,70.0,80.0,90.0,100.0],"nqubits":3,"state":"dmatrix","output":{"file_name_prefix":"vqe-time-rel-noise-experement","draw":{"status":true,"fig_dpi":100,"type":"png"}},"observable":{"def":"ising","coefficients":{"cn":[0.5,0.5],"bn":[1.0,1.0,1.0],"r":1}},"ansatz":{"layer":30,"gateset":1,"ugate":{"type":"xy-iss","coefficients":{"cn":[0.5,0.5],"bn":[0,0,0],"r":0},"time":{"min":0.0,"max":20.0}}},"vqe":{"iteration":10,"optimization":{"status":true,"algorithm":"SLSQP","constraint":true}},"init_param":{"value":"random"},"noise_profile":{"status":false,"type":"dephasing","noise_prob":[0.001,0.001,0.0,0.0],"noise_on_init_param":{"status":false,"value":0}},"redundant":{"identity_factors":[[0,0,0,0],[1,1,1,1]]},"zne":{"method":"richardson","degree":1,"sampling":"default","data_points":null}},"output":{"exact_sol":-3.493959207434935,"initial_cost_history":[-0.038735393846865696,0.9374533114075951,0.8616585533720691,0.20063493249662595,0.41302678859985936,0.6833644023780978,0.3441838055622491,0.5359046406040016,0.7497133177405554,0.8582125523473777],"optimized_minimum_cost":[-3.484435164204891,-3.4844351411119163,-3.484435289085699,-3.4844352386675794,-3.4844347728745415,-3.484435282242116,-3.4844350837501676,-3.4844352483567387,-3.484435225611648,-3.484435239255529],"optimized_parameters":[[0.5968527722646838,1.3999582918699787,1.5684331905584523,1.5698195200263139,2.669840796853744,3.4121382264334863,3.6515040786114272,3.724260100618714,4.1996724519181425,5.240661573149527,8.297776667374391,8.808130823122001,9.023472380605558,11.389818209094182,11.772898959390766,12.036426408870831,12.20132478055165,12.5043267552006,12.807047260530506,12.831350187945425,15.04213183042365,15.482436426141593,16.57115949211902,16.718667530977086,16.788695301141306,16.818689391356997,17.173058292532417,18.096348468140413,19.180359248996776,20.00000012341056,-0.28009058054260133,0.03035681868434953,-0.006069986421618816,-0.04437061048288168,0.12187177936022878,-0.02790626091871136,0.06922887411738218,-0.036681034989870784,0.3839595759140821,-0.13478331009938443,0.34965352166018365,0.14373307772407268,0.22830903629626065,0.15248503440898684,0.2110165140861769,0.17840521764590736,0.15809367686986092,0.011215057560535651,0.08323536529919899,0.0122663791166712,0.17536415858486795,0.1996251969503885,0.17037045951651847,-0.04907841733257522,0.16492455398785222,-0.07464239531099609,-0.1324608110889248,-0.0104871592605112,-0.10558260244789457,0.14583528478224006,-0.06467244751608928,0.20966293392196358,-0.02560313510678812,0.25159479263972967,0.028338891290860962,0.15549525424888744,0.18430649714472166,0.07616906520514465,0.2536335433690751,0.03810268391538762,-0.12618742510139638,0.02628841422437123,-0.1268039192988857,0.00921843031562568,0.07026704965964968,0.16958761623564417,0.2029472030419322,0.1729898486015708,0.21311795265537653,0.14654464470414552,0.2597568970982619,0.07446501387031816,0.20602534988594454,0.05358127468854414,-0.08715768462161573,0.01999983707168842,-0.022771711047593974,0.12840905853532272,0.28006385121817806,0.07297068406271137],[1.3755390532654124,2.1213762674835652,2.307118795115425,2.3591512635294665,2.383492929372835,3.2938948441304468,4.954895946567154,5.0195703072018185,6.743932951596621,6.786970981140676,7.401522888117966,7.523283212352342,8.304655481905861,8.467020564323645,8.859060432885638,9.335817052486657,9.41673203957115,10.608868637901379,11.701167692178176,12.15196400662181,13.313673890128724,13.381511100361301,13.801392552780863,13.919895900845608,14.480686560151993,15.44263011787549,17.482291389953225,18.20570289636025,19.684782661574463,20.000000034348762,-0.7516174902653164,-0.2514934104211626,0.6567520629913308,-0.24937446735002536,0.5478004624055199,-0.15009923922254434,0.45025100536068047,-0.044339044248801536,0.4112021408392716,0.11415589621775897,0.279721298657141,0.37880360452417794,-0.5842546602718925,-0.19695481019727362,-0.6217945512768016,-0.20942891164371522,0.19272338254801719,0.12175838334410798,0.1690414746992787,0.18993785311814212,0.44401468906042535,0.3569718887029846,0.4239186578479565,0.41222510520374545,0.38429616846441256,0.9844483184131558,0.3308680166633391,0.981720252798522,0.2647774963605657,0.8287861691994115,0.0713924717509947,0.08117342738305344,-0.02807735155172492,0.07517001947417581,-0.3584769626370614,0.05320431286096292,-0.3359227384864057,0.4773832036392186,-0.07536449509599553,0.4713634928188676,0.11707177416074178,0.7314129571645424,0.322075132766713,0.533139379135858,0.4852142994359481,0.00296360506135698,0.4540317084604351,-0.17818017071864733,0.3779553052157157,-0.16983139727203025,-0.21852117165733376,0.6041152441645347,-0.0889959676134545,-0.019182809697623714,0.36516639241995,-0.3594706445804979,0.31265727047711306,0.5387125858230172,0.3226705394543112,0.6876444127882249],[0.0926751776391374,0.767777077112418,0.8739207757192263,1.9004758288246566,1.9031218751399113,2.21133519718784,4.395749753954548,4.4041286527167625,4.410423067285564,4.424812482977854,4.804047340428984,5.554553587086756,5.5607149238475335,5.600499505164629,5.616026392910692,5.907646525635152,9.374651868341289,9.47652622153914,9.721307977233305,10.08510711004409,10.383734013125876,10.410402349158888,12.11681379184887,13.845573606860773,14.588420188661852,17.54635015540531,18.342202164659263,19.422178181293923,19.602666667897637,20.00000001788265,0.015385058894369407,0.2000174643152367,-0.00032366492627743077,0.12015322785398254,-0.01090780987539157,0.23125352997496437,0.4574580317450569,-0.563841737137581,0.4699396824593763,-0.07732134774868056,0.49906981418817314,0.2137108142720516,0.4698156732161978,0.026429830795585182,0.28378761745973435,0.14794659477849761,0.17225246386761242,0.23824300361944759,0.04291026196439186,0.4094231182719576,-0.09983971001778137,0.5495593053875186,0.053696691852112705,0.41058849337216924,0.09777711287861342,0.4298705783964099,0.22340356205358794,0.4309367023273292,0.24431693771607688,0.4880576540593504,0.30039608154959624,0.30289418946430546,-0.17069330045216813,0.7122979095062324,0.17014717140171862,0.5143042508821059,0.3597393003073926,0.5916518470029447,0.41536116952604907,0.6370411394064515,0.21175875098069852,0.6027912688747159,-0.23451394164619874,0.5728698436829519,0.4053832450863766,0.2494172916823681,0.2963327429351244,0.22294179393488114,-0.07993218293465393,0.7838366149794987,0.9095640947179849,-0.12154695293524653,0.7775492763998487,0.02419742555603089,0.21228775593028232,0.47698360510786747,0.11314272219813147,0.3465783032489811,-0.0185689929058026,0.043799091819510604],[0.6287357639690573,1.5517735798741255,1.7585264564446768,4.139504523052787,4.47082620571341,4.944779469293993,6.006547398260911,8.746303244767553,9.874714297591442,10.670541299721215,10.712798552136084,11.888243932781908,12.574018870846505,12.960608690019937,13.035093839041009,13.160903549711017,13.318748210473414,14.581956752776383,14.777150611032651,15.162496541696994,15.692582405103678,15.820225222599165,16.053329387961643,16.267662239144666,17.29141912511383,17.606708901324357,18.148508625280723,19.221978375754002,19.45273711129302,20.000000012649412,-0.27699963296573815,-0.1317749288462849,0.06574820706509878,-0.22202722623366852,0.14859967780297462,-0.2106024527682495,0.36254022407792674,0.2675533245435029,-0.011977306449446482,0.14250557724412094,-0.16761430635513228,-0.05662737198464316,-0.0012655024008434075,-0.15099506462990134,0.2535895518963798,0.13335392953253375,-0.08227773885604601,-0.1194189919032617,0.1298905039560693,-0.0558961341890476,0.059057553433256846,-0.03177091187934727,0.616301215657324,-0.054517522240067916,0.4627717021984074,0.3779760158027081,0.21652203708891055,0.20317538499522186,0.17798528093561858,0.12072568566534045,0.14209942587072535,0.023630809998286827,0.09214490476430022,-0.06377441702718303,0.09492126380591627,0.16896235091371473,0.10314386526715097,0.222419704324634,0.0715452449118723,0.22125751532486607,