{"config":{"run":"vqe-bigT-simulation","bigT":[10.0,20.0,30.0],"nqubits":3,"state":"dmatrix","output":{"file_name_prefix":"vqe-time-rel-noise-experement","draw":{"status":true,"fig_dpi":100,"type":"png"}},"observable":{"def":"ising","coefficients":{"cn":[0.5,0.5],"bn":[1.0,1.0,1.0],"r":1}},"ansatz":{"layer":30,"gateset":1,"ugate":{"type":"xy-iss","coefficients":{"cn":[0.5,0.5],"bn":[0,0,0],"r":0},"time":{"min":0.0,"max":10.0}}},"vqe":{"iteration":1,"optimization":{"status":true,"algorithm":"SLSQP","constraint":true}},"init_param":{"value":"random"},"noise_profile":{"status":false,"type":"dephasing","noise_prob":[0.001,0.001,0.0,0.0],"noise_on_init_param":{"status":false,"value":0}},"redundant":{"identity_factors":[[0,0,0,0],[1,1,1,1]]},"zne":{"method":"richardson","degree":1,"sampling":"default","data_points":null}},"output":{"exact_sol":-3.493959207434935,"initial_cost_history":[0.6235437939591681],"optimized_minimum_cost":[-3.4844351673753886],"optimized_parameters":[[0.25650763611902994,0.3945456391112515,0.6797335595143597,1.1160882243491839,1.7012008039181077,1.9101065132605584,1.9955860179390421,2.1938736502765694,2.603101585188715,3.2061348758144974,3.2225764868819424,3.961478714025041,4.344665613762922,4.664811793398145,5.649709593938168,5.859286282922007,6.54612743319438,6.862933177268759,6.876171701533733,7.378290461966421,7.843542817500355,8.021758234951081,8.362698798470218,8.620889589607414,8.818972492477137,8.914682562274196,9.630041784805934,9.889905239024127,9.95139784587132,10.09435869146013,-0.005108639627569677,0.07727857673874579,0.021384910836602485,-0.07433203340732517,0.057829596692155004,-0.16874822211953275,0.10379296937295317,-0.2698028560611791,0.3388435897565816,-0.23376511454648682,0.31985018435080437,-0.1688610861216764,0.34195930186620493,-0.045978634863188504,0.2962101167170476,0.07330562218118894,0.2679805138440238,0.2607769015259913,0.19249193810955761,0.3954605727559468,0.26268379622018645,0.3229131911586418,0.15129590005173404,0.2445345734108107,0.024199860368940423,0.1431602829551733,-0.04685321164462764,0.08102327850714139,-0.08241390607433484,0.12968660341918187,-0.15361778567808873,0.1723389984059835,-0.06781096203253732,0.12932537721453144,0.08075289864718466,0.2095854652652211,0.04191767575323153,0.1887740601648421,0.30743656841572964,0.08671165098624564,0.3707577323946456,-0.05449777318020607,0.338789768336557,-0.14087665038434716,0.2628855589120724,-0.09197535937657227,0.1332255734131003,-0.0014859029775852143,0.06433548627981624,0.11507998966504832,0.1106517204624891,0.12669510290434124,-0.019218815177505486,0.2534375339527835,0.03219345845573053,0.2860918782677303,0.06353240428468991,0.2936829066481565,0.09477086532008273,0.29632980372719925]],"noise_details":{"identity_factors":[0,0,0,0],"noise_level":[0,0,0,0],"gates_num":[4,1,1,0],"noise_profile":{"status":false,"type":"dephasing","noise_prob":[0.001,0.001,0.0,0.0],"noise_on_init_param":{"status":false,"value":0}},"odd_wires":2},"run_time_sec":2.653400182723999},"others":{"observable_string":"1 X 0 X 1 + 1 Z 0 + 1 X 1 X 2 + 1 Z 1 + 1 Z 2","time_evolution_gate_hamiltonian_string":["0.5 X 0 X 1 + 0.5 Z 0 Z 1 + 0.5 X 1 X 2 + 0.5 Z 1 Z 2"]}}