{"config":{"run":"vqe-bigT-simulation","bigT":[10.0,20.0,30.0],"nqubits":3,"state":"dmatrix","output":{"file_name_prefix":"vqe-time-rel-noise-experement","draw":{"status":true,"fig_dpi":100,"type":"png"}},"observable":{"def":"ising","coefficients":{"cn":[0.5,0.5],"bn":[1.0,1.0,1.0],"r":1}},"ansatz":{"layer":30,"gateset":1,"ugate":{"type":"xy-iss","coefficients":{"cn":[0.5,0.5],"bn":[0,0,0],"r":0},"time":{"min":0.0,"max":20.0}}},"vqe":{"iteration":1,"optimization":{"status":true,"algorithm":"SLSQP","constraint":true}},"init_param":{"value":"random"},"noise_profile":{"status":false,"type":"dephasing","noise_prob":[0.001,0.001,0.0,0.0],"noise_on_init_param":{"status":false,"value":0}},"redundant":{"identity_factors":[[0,0,0,0],[1,1,1,1]]},"zne":{"method":"richardson","degree":1,"sampling":"default","data_points":null}},"output":{"exact_sol":-3.493959207434935,"initial_cost_history":[2.41983017804414],"optimized_minimum_cost":[-3.48443453309404],"optimized_parameters":[[0.6100490406989227,2.356550145343195,3.4996139921330283,3.740029111750428,4.014843694328851,4.198078363361821,4.6965961953702156,5.613361961742494,5.971415715178543,7.624315299622978,8.294481836276605,8.520427685868077,8.570348053135708,8.736525903633103,8.833529242162827,9.62045659155418,10.569381071163793,10.652190994872045,10.849810400936029,11.64976345618824,11.987633438479314,12.041590300076695,12.218533773681923,12.451311037792058,14.154490000351128,15.21460448603973,17.142858365870072,17.50964525525614,19.285511044723336,20.0,0.4525936378285856,0.10343409076926427,0.3244778922905677,0.18140545909010394,0.12832013929837202,0.03146090336907023,0.11891090745861642,0.04271042400353952,0.16979588406097817,0.09374269077472316,0.24648710825183223,0.19636393281184908,0.47883820236859775,0.31955728173810355,0.0451856050624412,-0.06954248865296761,-0.2354384084310083,-0.18133353864808463,-0.355252086861527,-0.1042111267990482,0.20078495547164646,0.009164279118566562,0.4059874416622078,0.08496157182900076,0.40307670731186046,0.15946640097476902,0.568533921106202,0.12298835472341405,0.5911645077664236,0.0008755109418812011,0.33493981060093375,0.0598700081623052,-0.04045596603330362,-0.11421899526188421,-0.07306500280685983,-0.09831820404715808,-0.06265892948322517,-0.07887574718502458,-0.0037545904068161345,0.19308837158301,-0.004855832423884083,0.19282219199929926,-0.008397502821198433,0.2311734781006436,-0.04689922133513453,0.16397651127480714,-0.07824232320444308,0.05873118285390589,0.09413330630494258,0.014222528012501009,0.23345682710909002,-0.08036997891025034,0.06119970515495019,0.004251364305678278,-0.04142013373439655,0.06824808174685525,0.2673384870452455,-0.19025202173984762,0.7264296800033104,0.15054533789408567]],"noise_details":{"identity_factors":[0,0,0,0],"noise_level":[0,0,0,0],"gates_num":[4,1,1,0],"noise_profile":{"status":false,"type":"dephasing","noise_prob":[0.001,0.001,0.0,0.0],"noise_on_init_param":{"status":false,"value":0}},"odd_wires":2},"run_time_sec":4.004292726516724},"others":{"observable_string":"1 X 0 X 1 + 1 Z 0 + 1 X 1 X 2 + 1 Z 1 + 1 Z 2","time_evolution_gate_hamiltonian_string":["0.5 X 0 X 1 + 0.5 Z 0 Z 1 + 0.5 X 1 X 2 + 0.5 Z 1 Z 2"]}}