{"config":{"run":"vqe-bigT-simulation","bigT":[10.0,20.0,30.0],"nqubits":3,"state":"dmatrix","output":{"file_name_prefix":"vqe-time-rel-noise-experement","draw":{"status":true,"fig_dpi":100,"type":"png"}},"observable":{"def":"ising","coefficients":{"cn":[0.5,0.5],"bn":[1.0,1.0,1.0],"r":1}},"ansatz":{"layer":30,"gateset":1,"ugate":{"type":"xy-iss","coefficients":{"cn":[0.5,0.5],"bn":[0,0,0],"r":0},"time":{"min":0.0,"max":20.0}}},"vqe":{"iteration":1,"optimization":{"status":true,"algorithm":"SLSQP","constraint":true}},"init_param":{"value":"random"},"noise_profile":{"status":false,"type":"dephasing","noise_prob":[0.001,0.001,0.0,0.0],"noise_on_init_param":{"status":false,"value":0}},"redundant":{"identity_factors":[[0,0,0,0],[1,1,1,1]]},"zne":{"method":"richardson","degree":1,"sampling":"default","data_points":null}},"output":{"exact_sol":-3.493959207434935,"initial_cost_history":[0.11912110346211069],"optimized_minimum_cost":[-3.484435106184836],"optimized_parameters":[[0.6003845047901131,1.1359784555165373,1.5668110825341697,3.664896556782444,3.862409510462335,3.885698027473904,4.019274446674041,4.263342873842021,4.980880135636249,5.536205985746583,6.2379111008847365,7.176991344094851,7.3797650761804405,7.410717183251656,7.898194423516173,8.379825794432946,9.83259207892505,10.22524910067625,12.32865734477404,13.550191927423228,13.612994050091134,14.296097100323628,14.35010460670409,14.785034897667673,15.540581996004972,18.035782164259864,19.317606323451173,19.51135190659833,19.68316375747425,19.779494396799812,-0.2279031109934358,-0.15841809849294658,-0.10259505478647712,-0.155519650083204,0.15749265462394457,-0.15939083340426424,0.3150405692508777,0.43738638359129645,0.1708990869289661,0.35345556510173015,0.21458414595394432,0.26521295822073127,0.1400194904011399,0.154512625122841,0.05468514250262756,-0.0033883251762066224,-0.014219727466535641,-0.2296218553849207,-0.031399310196931006,-0.1381991739570749,-0.008943735939541422,-0.11746136012126634,0.2485224550762447,-0.10316543150022296,0.24706359836276412,0.06953110684989627,0.12946316528181814,0.14299927910811178,0.23713219353220802,0.35850043725890157,0.3219572102488451,0.2092148576956549,0.13851513894719086,-0.03310019929792641,-0.012570488475465989,0.13092300103962087,-0.06463550523355481,0.3442796557910735,0.11157352770186409,-0.07176413873975619,0.17210080488625082,0.025003539661198733,0.18808129648994004,0.20728073098209296,0.183157937604506,0.27702176534053835,0.04813708131282484,0.3107590603258458,-0.1025182494476282,0.0627444637306916,0.030591093920233247,0.07540552718106165,0.0741313563062025,0.35596531501685,-0.09662278874685579,0.18913228446610691,-0.09131367058540145,0.049700070213969404,-0.1148750881129319,-0.06442167573029464]],"noise_details":{"identity_factors":[0,0,0,0],"noise_level":[0,0,0,0],"gates_num":[4,1,1,0],"noise_profile":{"status":false,"type":"dephasing","noise_prob":[0.001,0.001,0.0,0.0],"noise_on_init_param":{"status":false,"value":0}},"odd_wires":2},"run_time_sec":2.521820068359375},"others":{"observable_string":"1 X 0 X 1 + 1 Z 0 + 1 X 1 X 2 + 1 Z 1 + 1 Z 2","time_evolution_gate_hamiltonian_string":["0.5 X 0 X 1 + 0.5 Z 0 Z 1 + 0.5 X 1 X 2 + 0.5 Z 1 Z 2"]}}