{"config":{"run":"vqe-bigT-simulation","bigT":[15,20.0,30.0,40,45],"nqubits":3,"state":"dmatrix","output":{"file_name_prefix":"vqe-time-rel-noise-experement","draw":{"status":true,"fig_dpi":100,"type":"png"}},"observable":{"def":"ising","coefficients":{"cn":[0.5,0.5],"bn":[1.0,1.0,1.0],"r":1}},"ansatz":{"layer":30,"gateset":1,"ugate":{"type":"xy-iss","coefficients":{"cn":[0.5,0.5],"bn":[0,0,0],"r":0},"time":{"min":0.0,"max":40}}},"vqe":{"iteration":1,"optimization":{"status":true,"algorithm":"SLSQP","constraint":true}},"init_param":{"value":"random"},"noise_profile":{"status":false,"type":"dephasing","noise_prob":[0.001,0.001,0.0,0.0],"noise_on_init_param":{"status":false,"value":0}},"redundant":{"identity_factors":[[0,0,0,0],[1,1,1,1]]},"zne":{"method":"richardson","degree":1,"sampling":"default","data_points":null}},"output":{"exact_sol":-3.493959207434935,"initial_cost_history":[2.249607360985631],"optimized_minimum_cost":[-3.4844352294992267],"optimized_parameters":[[0.09085820704425121,1.7820146246631239,1.8877914266102642,1.8970470403536135,4.075394383542012,6.7429241585877975,6.828031247381428,7.726978015329379,12.864904800777284,14.500779047863082,16.82390001359943,18.271334898499113,18.35594742557616,18.472698737384285,18.58802263225832,20.30802508508059,22.971400625727995,23.397457354530168,23.52841702239152,23.594061705394097,24.9710614097812,25.690154521395247,27.898410972225737,29.648281367166216,32.30210800545244,32.47647393583215,34.152156405093635,34.235152384119885,38.54503061514567,40.0,0.839199140094198,0.2075678541659663,0.4468978405076473,0.04876794765970081,0.34045500673637213,0.10692729624812952,0.1585194450440355,0.1258048073425041,1.1724207875247477,-0.41932894821477923,0.44884930628034814,-0.23150307557232772,0.4062414836951929,-0.06540881654920581,0.6169102219870894,0.43634123182414414,0.7007499849734035,-0.6410298176932687,0.9202160072845623,0.2971439164974753,0.42959592619213216,-0.4004480523578842,0.7195889606666769,0.031520684833036834,0.6834348894519031,0.30260842743655497,0.6993759935352556,0.44470096767070916,0.7185738712652868,0.3797725968797399,0.8844384797512053,-0.11821034330673943,0.5975121240345057,0.4055172445117103,0.7274888775081454,0.23779581471149727,0.7901499331475624,0.16857755049380274,0.8309317635072163,0.23092967015991403,0.4703126110143258,-0.11347607048000177,0.37228934045766043,-0.07942255772337391,0.697864964664947,0.5814271668106991,0.42009892377003377,0.10832445184287895,0.6879222149094604,0.8617062624030768,0.5481289391281616,0.8246814844988372,-0.1771661027017588,0.14273345522400624,-0.2586093916983552,-0.026156863240269324,-0.37124223196781314,0.11413518693044215,0.5546617965229237,-1.0142559220338918]],"noise_details":{"identity_factors":[0,0,0,0],"noise_level":[0,0,0,0],"gates_num":[4,1,1,0],"noise_profile":{"status":false,"type":"dephasing","noise_prob":[0.001,0.001,0.0,0.0],"noise_on_init_param":{"status":false,"value":0}},"odd_wires":2},"run_time_sec":3.035306453704834},"others":{"observable_string":"1 X 0 X 1 + 1 Z 0 + 1 X 1 X 2 + 1 Z 1 + 1 Z 2","time_evolution_gate_hamiltonian_string":["0.5 X 0 X 1 + 0.5 Z 0 Z 1 + 0.5 X 1 X 2 + 0.5 Z 1 Z 2"]}}