{"config":{"run":"vqe-bigT-simulation","bigT":[10.0,20.0,30.0],"nqubits":3,"state":"dmatrix","output":{"file_name_prefix":"vqe-time-rel-noise-experement","draw":{"status":true,"fig_dpi":100,"type":"png"}},"observable":{"def":"ising","coefficients":{"cn":[0.5,0.5],"bn":[1.0,1.0,1.0],"r":1}},"ansatz":{"layer":30,"gateset":1,"ugate":{"type":"xy-iss","coefficients":{"cn":[0.5,0.5],"bn":[0,0,0],"r":0},"time":{"min":0.0,"max":10.0}}},"vqe":{"iteration":1,"optimization":{"status":true,"algorithm":"SLSQP","constraint":true}},"init_param":{"value":"random"},"noise_profile":{"status":false,"type":"dephasing","noise_prob":[0.001,0.001,0.0,0.0],"noise_on_init_param":{"status":false,"value":0}},"redundant":{"identity_factors":[[0,0,0,0],[1,1,1,1]]},"zne":{"method":"richardson","degree":1,"sampling":"default","data_points":null}},"output":{"exact_sol":-3.493959207434935,"initial_cost_history":[1.2301867483523425],"optimized_minimum_cost":[-3.484435099177497],"optimized_parameters":[[0.22644390649400833,0.42943824023861915,0.5868682683944402,0.6243612358864609,1.4396823572541604,1.7817411550764175,2.6682095791035128,3.2302941362915045,3.871886168570949,4.210302573964335,4.436176542437331,4.962490012839751,5.422997916357686,5.898423507873163,6.294717458298198,6.380137360172494,6.503189635220828,6.773719548234338,6.917006862206633,7.169975124430524,7.289974878548059,8.244340079799217,8.49213616749578,9.136722590220893,9.24589680885768,9.348741263577322,9.636967448628145,9.858851966316456,10.087303777404378,11.065118608133874,10.0,0.4902661669262006,0.4509176613575338,0.47128142865203804,0.4930688088573549,0.30872745280854635,0.6205806984114919,0.3342134401481743,0.7624828038191283,0.5254466592212083,0.8538037204320943,0.8033927400333404,1.2834961854506322,0.9975361520744318,1.3723384140841055,0.39365049356539905,1.0996869974512773,-0.2799417171406023,1.0952880247621413,-0.16044361652535016,0.9871006428272351,0.1468814669947293,0.7694610141405116,0.8247063847368853,0.591886729785234,0.7023646451620532,0.42010549957258825,0.8209402038173392,0.3576740416944933,0.9683908299831474,0.49880094948193615,0.8388863263644171,0.7636834114173425,0.7000261849639619,1.1085020027371904,0.8257987195824541,0.8485042419578843,0.9230406103432177,0.9098833369278203,0.9001363216681402,1.219080609055646,0.44963176732560645,1.4649889632319548,-0.20217671012300367,1.4460482891117934,-0.2842630058727585,1.231504616699355,0.2726408953150823,1.132141870741437,0.5986303229444533,0.9513275684560414,0.7571861660696059,0.8321158304680715,0.7143169590654205,0.5983509576072393,0.8216202280724757,0.3494881379983373,0.9648771076150129,0.44081701479014346,1.2807804634827258]],"noise_details":{"identity_factors":[0,0,0,0],"noise_level":[0,0,0,0],"gates_num":[4,1,1,0],"noise_profile":{"status":false,"type":"dephasing","noise_prob":[0.001,0.001,0.0,0.0],"noise_on_init_param":{"status":false,"value":0}},"odd_wires":2},"run_time_sec":2.8937315940856934},"others":{"observable_string":"1 X 0 X 1 + 1 Z 0 + 1 X 1 X 2 + 1 Z 1 + 1 Z 2","time_evolution_gate_hamiltonian_string":["0.5 X 0 X 1 + 0.5 Z 0 Z 1 + 0.5 X 1 X 2 + 0.5 Z 1 Z 2"]}}