{"config":{"run":"vqe-bigT-simulation","bigT":[10.0,20.0,30.0],"nqubits":3,"state":"dmatrix","output":{"file_name_prefix":"vqe-time-rel-noise-experement","draw":{"status":true,"fig_dpi":100,"type":"png"}},"observable":{"def":"ising","coefficients":{"cn":[0.5,0.5],"bn":[1.0,1.0,1.0],"r":1}},"ansatz":{"layer":30,"gateset":1,"ugate":{"type":"xy-iss","coefficients":{"cn":[0.5,0.5],"bn":[0,0,0],"r":0},"time":{"min":0.0,"max":30.0}}},"vqe":{"iteration":1,"optimization":{"status":true,"algorithm":"SLSQP","constraint":true}},"init_param":{"value":"random"},"noise_profile":{"status":false,"type":"dephasing","noise_prob":[0.001,0.001,0.0,0.0],"noise_on_init_param":{"status":false,"value":0}},"redundant":{"identity_factors":[[0,0,0,0],[1,1,1,1]]},"zne":{"method":"richardson","degree":1,"sampling":"default","data_points":null}},"output":{"exact_sol":-3.493959207434935,"initial_cost_history":[0.32457094904200434],"optimized_minimum_cost":[-3.4844351543921466],"optimized_parameters":[[0.9504040194025208,3.067361046433448,3.5349686166275935,6.267289209343495,6.457438090445456,7.258072264211626,10.01349395886975,11.563773125269563,11.706777002807584,11.937907179706345,12.09613188188274,14.58355346232592,15.86776958340165,16.4271687053591,17.117481072217714,19.082550479485267,19.10154130668728,19.12590372566544,22.372632117614415,22.679666883896655,22.68111524744618,22.69658235326145,23.16017043318194,23.363556689440415,24.74095705169167,24.932682762481782,25.00796220087501,27.42364650977211,27.636721193059522,30.22230903837825,-0.47679984607595266,-0.17789881027470852,0.2173820945418599,-0.21848590990134134,0.6213346372611042,-0.1577647885320402,-0.03438813596664061,-0.1932697502348822,-0.04394917075803818,-0.2384504907541346,0.1290154629610264,0.14112425404517803,0.47139445361684434,0.10674439032792726,0.030859639229344236,0.09391144710022999,-0.04201801566514872,0.1634983489081664,-0.012793050529700662,0.18751915074533948,-0.049978883715793655,0.15806025921342,0.13431410811096647,0.13892049588798544,-0.3244633257586626,-0.059928017580006786,-0.1897398216997627,0.04849317466266425,0.2286037566985886,-0.03791325313636595,0.16520058489616674,0.08608416353777285,0.1600487089055209,0.1377519018541313,0.1538041843531898,0.11375048298081698,0.15924038335752227,0.11839296226332092,0.22108374330783978,0.34927986055629184,0.10065751291104619,0.39173927195142383,0.13906951375229695,0.3279476635380786,0.19288300326973368,0.09017511556990966,0.2801251667274479,-0.011205914764160529,0.20890334737654942,0.10103357277682687,0.15483578604056436,0.3045462084911027,-0.07220242452232835,0.3015615648124986,0.10515554084902878,0.053488389556300066,0.27508384793362944,-0.182734695229777,-0.24530085370395524,0.13544421312500218]],"noise_details":{"identity_factors":[0,0,0,0],"noise_level":[0,0,0,0],"gates_num":[4,1,1,0],"noise_profile":{"status":false,"type":"dephasing","noise_prob":[0.001,0.001,0.0,0.0],"noise_on_init_param":{"status":false,"value":0}},"odd_wires":2},"run_time_sec":3.4512362480163574},"others":{"observable_string":"1 X 0 X 1 + 1 Z 0 + 1 X 1 X 2 + 1 Z 1 + 1 Z 2","time_evolution_gate_hamiltonian_string":["0.5 X 0 X 1 + 0.5 Z 0 Z 1 + 0.5 X 1 X 2 + 0.5 Z 1 Z 2"]}}