{"config":{"run":"vqe-bigT-simulation","bigT":[10.0,20.0,30.0],"nqubits":3,"state":"dmatrix","output":{"file_name_prefix":"vqe-time-rel-noise-experement","draw":{"status":true,"fig_dpi":100,"type":"png"}},"observable":{"def":"ising","coefficients":{"cn":[0.5,0.5],"bn":[1.0,1.0,1.0],"r":1}},"ansatz":{"layer":30,"gateset":1,"ugate":{"type":"xy-iss","coefficients":{"cn":[0.5,0.5],"bn":[0,0,0],"r":0},"time":{"min":0.0,"max":10.0}}},"vqe":{"iteration":1,"optimization":{"status":true,"algorithm":"SLSQP","constraint":true}},"init_param":{"value":"random"},"noise_profile":{"status":false,"type":"dephasing","noise_prob":[0.001,0.001,0.0,0.0],"noise_on_init_param":{"status":false,"value":0}},"redundant":{"identity_factors":[[0,0,0,0],[1,1,1,1]]},"zne":{"method":"richardson","degree":1,"sampling":"default","data_points":null}},"output":{"exact_sol":-3.493959207434935,"initial_cost_history":[0.7032489072457534],"optimized_minimum_cost":[-3.484435044196455],"optimized_parameters":[[0.05750638079782863,0.11991305677690099,0.18797443038593528,0.20725985889032056,0.45792672025599146,0.8587376238404967,0.9578352683603948,1.9871235958733946,2.0432588840571744,2.166341851337394,2.254354230212286,2.361029537244178,2.802271335522253,2.8533504279185697,2.910625263138731,3.5545703190734517,4.311483734333887,4.7192686601668985,6.130539529552633,6.695413670275209,7.120910706928046,7.337531159682328,7.877703924035862,7.878250965787469,9.20420975909362,9.68369197119494,9.72825631809082,9.779393893267423,9.842427233854194,10.25952792370241,-0.04292404284936589,-0.017259032004503818,-0.06506322703331661,-0.02472996858648648,-0.05494563119313433,0.020551184271385404,-0.03569561450205769,0.004229206135659258,-0.041466468138897816,-0.10478836194517256,0.05697349053895817,-0.09739760002027427,0.09022254426388941,-0.09093026070123458,0.2937276855585154,-0.20926481065097477,0.2598058867591621,-0.1370988196278872,0.19122275288450333,-0.1050908078513878,0.1837335864770597,-0.01165392310533176,0.1803479400352197,0.09304484575965823,0.18881288616404962,0.3716476363510611,0.19724655085632428,0.3175908921542926,0.21155032300002216,0.3083252018870853,0.28169599933602246,0.23312112440368404,0.1682558184391612,0.06572485959520266,0.009674421899828735,0.05961983429718903,-0.2378367031174201,0.16305006898024488,-0.12517135235713567,0.30577104228608665,0.1386157686789448,0.13900340779672857,0.2081660419095729,0.028099479198913264,0.35578161671100844,-0.04232885354454892,0.47971129073090196,-0.09136871870010878,0.18196170829120922,0.26165271127645534,0.03861258635381403,0.20711975159077745,0.036507775297374125,0.16895234495982261,-0.03861968646280776,0.17438422762481218,-0.024221051229568264,0.1830540482835602,-0.0042052452198472765,0.22893041494253755]],"noise_details":{"identity_factors":[0,0,0,0],"noise_level":[0,0,0,0],"gates_num":[4,1,1,0],"noise_profile":{"status":false,"type":"dephasing","noise_prob":[0.001,0.001,0.0,0.0],"noise_on_init_param":{"status":false,"value":0}},"odd_wires":2},"run_time_sec":3.294464349746704},"others":{"observable_string":"1 X 0 X 1 + 1 Z 0 + 1 X 1 X 2 + 1 Z 1 + 1 Z 2","time_evolution_gate_hamiltonian_string":["0.5 X 0 X 1 + 0.5 Z 0 Z 1 + 0.5 X 1 X 2 + 0.5 Z 1 Z 2"]}}