{"config":{"run":"vqe-bigT-simulation","bigT":[10.0,20.0,30.0,40.0,50.0,60.0,70.0,80.0,90.0,100.0],"nqubits":3,"state":"dmatrix","output":{"file_name_prefix":"vqe-time-rel-noise-experement","draw":{"status":true,"fig_dpi":100,"type":"png"}},"observable":{"def":"ising","coefficients":{"cn":[0.5,0.5],"bn":[1.0,1.0,1.0],"r":1}},"ansatz":{"layer":30,"gateset":1,"ugate":{"type":"xy-iss","coefficients":{"cn":[0.5,0.5],"bn":[0,0,0],"r":0},"time":{"min":0.0,"max":10.0}}},"vqe":{"iteration":10,"optimization":{"status":true,"algorithm":"SLSQP","constraint":true}},"init_param":{"value":"random"},"noise_profile":{"status":false,"type":"dephasing","noise_prob":[0.001,0.001,0.0,0.0],"noise_on_init_param":{"status":false,"value":0}},"redundant":{"identity_factors":[[0,0,0,0],[1,1,1,1]]},"zne":{"method":"richardson","degree":1,"sampling":"default","data_points":null}},"output":{"exact_sol":-3.493959207434935,"initial_cost_history":[2.366590617407893,0.6431450602657423,1.8845210074733445,0.9407756130975216,0.43579800408459946,0.6429949307973104,1.2664409116631605,1.624714854815319,1.4449155083858263,0.42519539370370796],"optimized_minimum_cost":[-3.4844349072205496,-3.4844352235310008,-3.4844352400660625,-3.4844352756341355,-3.484435297298447,-3.484434955793043,-3.484435214636605,-3.484434777822759,-3.484435047433856,-3.4844353201127647],"optimized_parameters":[[0.5019785377231586,0.8963849710536249,1.366662346273519,2.188177279302403,2.24704408787761,3.0437547244650722,3.661288545168182,4.082583597919256,4.758039220077852,5.370910156714397,5.3853405533409235,5.387984697507435,5.523538845441341,5.605499509477701,5.716715182620866,6.1585279555863846,6.484433925690768,6.583767891716952,6.877703474948147,7.008098735462054,7.128823470968576,7.430931982161156,8.031983470042418,8.20008789228311,8.386938529520695,8.664332433644566,8.881738127781864,9.57202734949365,9.757335541285553,9.99999998045556,0.48567435102845363,0.1165213900993714,0.6335798597089105,0.33614654404749283,0.5668328559787795,0.45973301579370307,0.5417516220786183,0.3260449727647051,0.5990733333653813,0.31215324230768837,1.103115546470669,-0.12741611666798933,1.5003863448777184,-0.3592336755701428,1.1399228676247768,-0.44493275316891245,0.8657845896509059,-0.3931058578483389,0.646902874309912,0.22084279284811192,0.702214256718453,0.21088570590896577,0.6750603165760737,0.118676544326783,0.4821794859969449,0.2862487532133606,0.44977680703769735,0.3568544549054512,0.42219353032175916,0.4103845330530686,0.3199477731764178,0.5702513504414428,0.413771563428245,0.5812911187353196,0.5751555436955519,0.4580383528294858,0.8892632732613601,0.18466323770393556,0.9318315117141289,0.36319774034161995,0.9101678851205279,0.5347244420315427,0.9729001415417518,0.38320053485948663,1.1383155737149624,0.19659276594653632,1.2450186785369863,-0.16075848042814192,1.2311156404736792,-0.5127671915699081,1.1261913389751153,-0.6676209955546059,1.2347322260908287,-0.4115492032618247,1.0556591075636468,0.030421204806669,0.7934429086474486,0.5662401375056926,0.7049690337873015,0.699766238699605],[0.03413174081857849,0.21839274447287046,0.2693675792852842,0.2911290014421624,1.2452079203246613,1.4025010729222753,1.4438314472084937,1.4921905035177834,1.6028721027353723,1.7720950818548296,2.2263852627222227,2.397777240259879,2.5690144312381293,3.0223689190367122,3.058967282067917,3.2226359665473074,3.7643686417613234,3.9644495556563792,4.2561941788417395,4.472402466765313,5.55905054526071,5.782908530918595,6.051068094141887,6.082113331323037,6.8875556776800675,7.731958552998717,8.28171834799891,9.149723860012397,10.01786352167613,10.058659116200479,0.07589609553115505,0.17602569924870368,0.030998024821851686,0.16915296054314713,0.019223209216278153,0.06272873550688787,-0.011409877844028507,0.10314555463822835,0.16718225278906082,-0.17816401941043938,0.21227852489119675,-0.1130273157480464,0.15662207739986522,-0.10348108946053185,0.15847523323661566,-0.04057552568059696,0.1673490290456677,-0.04555570643722011,0.23958675731170248,-0.01323804816549862,0.36348674248361196,-0.03701032405962062,0.264606214682508,0.04472937520535703,0.20925035820897164,0.0805763507667921,0.20565009963138253,0.3377994123098805,0.29686246394395266,0.30250217779262983,0.47331161028057595,0.22574563394113215,0.46400388270815546,0.22990685822287116,0.4314066008508472,0.16161452909361407,0.2870009549616309,0.09159198113461299,0.1731669220312878,0.15570658411476027,-0.06626512484451519,0.2996539697049912,-0.1231279048401262,0.31464545394386384,-0.07712904157810724,0.3200111329250429,-0.1696159145457048,0.2905890689298374,-0.13053239097801242,-0.07217735229737172,-0.02618849661680634,-0.3242887692749417,0.17503581216795136,-0.3792465319587475,0.36112990069111484,-0.153386411979799,0.4212194262938419,0.47291589060336364,0.3894334918794789,0.41948515805985465],[0.444566061846877,1.059137838489347,1.3402023413567665,1.6103060247793735,2.1489323457251484,3.1283238174543864,3.52496576984139,3.5894661486667494,3.950935151916786,4.176419629198277,4.7937944781218915,4.92885297563766,5.320973444456599,5.33314137128008,5.602374814424216,5.671801680681533,5.7576171114890595,5.7820050014151665,6.638430254056171,6.643597807405946,6.764347002725335,6.915999926119381,7.030867534437196,7.471699258373849,7.894396074406071,8.459331286864021,8.881408381899588,9.02743640435914,9.525400494082666,10.00000000714703,0.022773116027763822,-0.15585262434802574,0.1387408020219612,0.05013624061789606,0.20320140599587644,0.10165909322081412,0.27492042436403197,0.04918809667536144,0.4002245656138019,-0.19504321299434924,0.3632523313739378,0.13044488151541628,0.31159537847303576,0.22433393750268404,0.3283520271986561,0.09074965661171012,0.25355954889716126,-0.0824633524041569,0.22176577066718722,-0.18637896425574557,-0.019958646118095343,-0.005244624122227703,-0.021937632834384827,0.09993916152384846,0.0034200840282893707,0.3467895153553804,-0.12439270991518601,0.31003344032527846,-0.0019197279983819424,0.3860632775898747,-0.13920380729448975,0.28886505873678625,-0.23702179707355123,0.11808168319564925,-0.3416411102496455,0.04812496228631219,0.18395626619427735,-0.018504598866544354,0.11846072091738524,0.09660359662110951,0.15232647232023966,0.06589642805584837,0.2863506619802207,0.10900041453921977,0.3525431401189867,0.1482640524244005,0.448101618021964,0.06460547097392216,0.32888869403902116,0.08181983418349677,0.23304559365405103,0.08286837372548844,0.2255994125882601,0.05346325227506091,0.23492230111630036,-0.0377746349122521,0.38896874404875426,-0.19532547424792523,0.4889973681228832,-0.04652616013025209],[0.2446891335311259,0.6654950223472484,0.8187450254586118,1.027694827609775,1.3241617443845535,1.4294070763123075,1.9571255921408106,2.385712632664211,3.2663442659872644,3.3178439744309003,3.396163337830823,3.4609334074538802,4.32463241548189,4.332948251893223,4.407473059430284,4.562508832144117,4.836029444480628,5.480536291907274,5.519068890284401,5.531331914371339,6.046642704356282,6.217857141173053,6.858779057619713,8.103396258981892,8.309644265112151,8.506412857671423,9.38643849221372,9.577881022998858,9.843647950129577,9.999999931175317,0.07998280662032702,0.1852597020206927,0.06497793369936236,-0.049841641441503125,0.0383190508821346,-0.1442140324046124,0.11598432516488698,-0.25345420298688387,0.23235147644430004,-0.2879584183234961,0.31552403478287766,-0.21110058505457727,0.5326765449869045,-0.0777651719514377,0.5229686548916613,0.02328355605890145,0.2690872165857687,0.3913453643275965,0.371649962063423,0.2723274706345108,0.42498907776594524,0.226160639255761,0.5633699542702267,0.043379096749647086,0.06882954299350548,0.35651655441074037,0.05995989264910277,0.19403516669340481,-0.05224355701207524,0.14951037287006838,-0.09225036895720286,0.06377703375839455,-0.17909407965793187,-0.07911470893277268,0.0017729680614283869,0.11933079996686641,-0.07684703259584987,0.14836237600953378,-0.19447382022064702,0.1115078907989555,0.02173227137174747,0.2926593762114948,0.08259740287966473,