{"config":{"run":"vqe-bigT-simulation","bigT":[10.0,20.0,30.0],"nqubits":3,"state":"dmatrix","output":{"file_name_prefix":"vqe-time-rel-noise-experement","draw":{"status":true,"fig_dpi":100,"type":"png"}},"observable":{"def":"ising","coefficients":{"cn":[0.5,0.5],"bn":[1.0,1.0,1.0],"r":1}},"ansatz":{"layer":30,"gateset":1,"ugate":{"type":"xy-iss","coefficients":{"cn":[0.5,0.5],"bn":[0,0,0],"r":0},"time":{"min":0.0,"max":30.0}}},"vqe":{"iteration":1,"optimization":{"status":true,"algorithm":"SLSQP","constraint":true}},"init_param":{"value":"random"},"noise_profile":{"status":false,"type":"dephasing","noise_prob":[0.001,0.001,0.0,0.0],"noise_on_init_param":{"status":false,"value":0}},"redundant":{"identity_factors":[[0,0,0,0],[1,1,1,1]]},"zne":{"method":"richardson","degree":1,"sampling":"default","data_points":null}},"output":{"exact_sol":-3.493959207434935,"initial_cost_history":[1.8760440463096728],"optimized_minimum_cost":[-3.484429433377497],"optimized_parameters":[[0.3498522778154959,1.4245190681647633,1.5851380762879865,1.8098787029219743,2.933229903401654,2.9869017530424924,3.1877743535536527,3.904858558721489,4.411896279368926,5.5992694206435605,7.109768359622109,7.279938620744227,7.553312067796088,7.747944980474464,7.818353322814723,8.134330652066978,9.287993069794709,9.335887840811557,9.43365859007301,10.887996181816026,11.892100404052117,19.805806608566996,20.880422157774355,21.983700721147226,23.638025566504577,23.962941858703417,24.07472065338448,26.149211450706414,27.397571038643594,28.059199460343454,0.40353316107292786,1.0959594567114586,0.4473961576052652,0.7748746552982635,0.4979233950706996,0.16978835514520949,0.5292001161691491,0.35913111061265673,1.158880108281545,0.4426352179138837,1.1831074116208515,0.12029380907578963,1.2285391508157746,-0.6225794577142074,1.2642983443996705,0.5817888752955109,1.2553847119385386,0.5319562367705388,1.045707307604602,-0.01887464259857306,0.24367471121818354,-0.6279161767310802,0.2435508339289906,-0.7969427532630906,0.3239297433166326,-0.807575215153685,0.4482237225091552,-0.01738739166145216,0.4002734009983562,0.00800047659272875,0.49899915864635225,-0.014392631078120803,1.1873097826013528,0.6710971920789491,1.0204844082751048,0.9504612484459096,0.7401365703966353,0.5516256939829757,-0.09931559277403686,0.3880707442504449,0.6937342932505438,-0.7269488189430692,-0.29924792250917953,0.5285655893396304,0.4351631659919842,-0.9973499806119529,1.5069625070956574,-0.11515648820900096,0.07468945476620568,0.663970709331442,-0.6811778611558114,0.7931232681527065,-0.628531197448421,0.7603486209759344,0.2627140338152854,-1.42007902343054,1.0206353313906427,0.28641991431038205,0.39026698442280283,-1.5639841515213082]],"noise_details":{"identity_factors":[0,0,0,0],"noise_level":[0,0,0,0],"gates_num":[4,1,1,0],"noise_profile":{"status":false,"type":"dephasing","noise_prob":[0.001,0.001,0.0,0.0],"noise_on_init_param":{"status":false,"value":0}},"odd_wires":2},"run_time_sec":3.8518424034118652},"others":{"observable_string":"1 X 0 X 1 + 1 Z 0 + 1 X 1 X 2 + 1 Z 1 + 1 Z 2","time_evolution_gate_hamiltonian_string":["0.5 X 0 X 1 + 0.5 Z 0 Z 1 + 0.5 X 1 X 2 + 0.5 Z 1 Z 2"]}}