{"config":{"run":"vqe-bigT-simulation","bigT":[10.0,20.0,30.0,40.0,50.0,60.0,70.0,80.0,90.0,100.0],"nqubits":3,"state":"dmatrix","output":{"file_name_prefix":"vqe-time-rel-noise-experement","draw":{"status":true,"fig_dpi":100,"type":"png"}},"observable":{"def":"ising","coefficients":{"cn":[0.5,0.5],"bn":[1.0,1.0,1.0],"r":1}},"ansatz":{"layer":30,"gateset":1,"ugate":{"type":"xy-iss","coefficients":{"cn":[0.5,0.5],"bn":[0,0,0],"r":0},"time":{"min":0.0,"max":20.0}}},"vqe":{"iteration":10,"optimization":{"status":true,"algorithm":"SLSQP","constraint":true}},"init_param":{"value":"random"},"noise_profile":{"status":false,"type":"dephasing","noise_prob":[0.001,0.001,0.0,0.0],"noise_on_init_param":{"status":false,"value":0}},"redundant":{"identity_factors":[[0,0,0,0],[1,1,1,1]]},"zne":{"method":"richardson","degree":1,"sampling":"default","data_points":null}},"output":{"exact_sol":-3.493959207434935,"initial_cost_history":[0.5159373888563548,0.44221991483228196,0.18222425078335847,2.4632508744186223,0.618594338023732,0.6412759214299733,0.3595962463460721,1.0025136024016517,2.349567215163951,0.29924300876914883],"optimized_minimum_cost":[-3.4844349445162193,-3.4844349944281663,-3.4844351902337354,-3.4844340645551526,-3.484435274277343,-3.484435318272622,-3.484434971728506,-3.4844351867656926,-3.48443511454367,-3.484435265312518],"optimized_parameters":[[1.5120631193352219,2.573049052769117,2.6796793462290074,2.6803831841722294,3.2946799622042007,3.444563211146072,3.47793841904152,4.94279366281871,5.150118895956395,5.39560613331034,5.5174719708596545,5.705362714713077,7.101007350756027,7.295012119643598,7.542252248490744,7.639016787248683,9.916516353909767,10.84045376140603,10.972332762479159,11.219872757258647,12.880883464417492,14.288904770287704,14.492190745769753,14.952723179359111,15.251636689721565,15.431177429652687,17.230672048953835,17.810168847404668,18.266901896980077,20.000000007343555,-0.24695787646100475,0.09929471279017803,0.39643698734325095,-0.30895228760583165,0.4083258415781301,-0.42178349742713117,0.3084949284260982,-0.36680116451516515,0.23353191125327877,0.21327242987203612,0.22037499302306632,0.3491340002666733,0.24951319508800207,0.32764565603322937,0.1539318915174263,-0.22574105424393298,0.21023208528753126,-0.08848601400730045,0.18732618737506407,0.04670107360505975,0.09251688231116055,-0.003970480693179304,-0.013894995662910995,0.0032346481357671797,-0.19825332265839804,0.12316845295032296,-0.0664864307919189,0.28287391031037795,0.20322160912945983,0.3338942694659086,0.27547917019779006,0.34034169975379397,0.30048354926088716,-0.03319878572692467,-0.05521333752895513,-0.24348705638597815,-0.18277520892077656,-0.1312991239957438,-0.21930776338067173,0.07480984852579511,0.5659179300845594,-0.06272157109091735,0.010530690834853427,0.007125229726628552,-0.13435425158189473,0.09488746732317276,-0.3200604842222658,0.2754646129512263,-0.30235457655180425,0.23906402432827656,-0.22331698925353946,0.20266567954991316,0.5939071391623447,0.10502738559375265,0.41428131760936643,-0.05601707140987007,0.03645345152036691,0.14585125624327605,0.043099691108512916,0.13727082298642573],[1.9039162297428953,2.789310813105815,3.588152464629874,4.279992320478554,4.602576676447859,5.880912392834854,5.89888986029671,9.58139189375927,9.799261755946917,10.93548578586697,11.18009409641391,11.362253254085712,12.383081368469341,12.670202345017891,13.21057291931447,13.316383786911674,15.42320129826595,15.873317527158664,16.112425696633313,16.992180613654746,17.398118334127215,17.503173008955446,17.912164765028177,18.069381845926863,18.27683374312777,18.54171106798646,18.641964306148953,19.040309835028808,19.106907396973565,20.000000027953575,-0.040535312466419934,-0.04782593415467102,0.5415606110429076,-0.3385583830299739,0.31731539072357723,0.04335483241990552,0.032034279105393415,0.2582997207045517,-0.004419566430342003,0.18219161145743262,-0.017057332406289157,-0.0747611521114395,-0.032796569017185674,-0.06831668098405776,-0.13653969924406364,-0.02753252731233193,-0.08291302736969308,-0.048833806579551726,0.169051259152002,-0.06078605318408457,0.19150378122482567,-0.04703457547459594,0.18179883705551253,0.03476504873166697,0.24676550215328238,0.1397656551421966,0.20705612154422282,0.2588699256631437,0.15458729813428906,0.10530521603681875,0.1575665001609719,0.09569492109808961,-0.14009420919637022,0.24596200578156222,-0.16420278927110732,0.26723634201552054,-0.17534956196210444,0.21519708316072586,0.16458185271262382,0.25650673556260345,0.19849731057419787,0.15652764696603697,0.2698994420067257,0.08237236112408108,0.24252413396907452,-0.06683861344139332,0.25311538734103584,-0.09615643041794664,0.19911700876082522,-0.08294802928255716,0.1360829421007825,0.06564045486476755,0.10892080678555967,0.136891951836747,0.04339179805521363,0.38182799584994437,0.04096028853352277,0.4394806171477772,0.16308084216074023,0.31310700529107405],[0.10786531037040531,0.6135387521517564,3.4968459607406097,4.316955025636151,4.510705148953399,4.788498313981599,5.060107854012715,5.14552600490501,5.288848465033014,5.799750965423081,7.272691109989869,7.800672751927368,7.8855717516976345,8.000460775563916,8.402874323298207,10.617497371630574,11.962401140949,11.976180065063794,12.216329728045011,13.073096350128285,15.170469902872737,15.96834975429008,16.306784403095254,18.395951398274548,18.58671474638329,18.61936723882817,18.842165569765594,19.00157874794959,19.393869676539655,19.999999955303256,-0.2046398787397138,-0.07245434024885872,-0.21397314526527283,-0.026678726187597812,0.7850848156395186,0.42129371956782014,0.09751930677551258,0.3882218871005326,0.0454114967176894,0.1700713525274433,0.010059865652708496,-0.05424256212744552,0.053312925172877425,-0.13488456067837365,0.015036223938733042,-0.16937546480380775,0.043194472288681125,-0.14239388619389168,0.17937104436682866,-0.18426170147766066,0.2835291735702974,-0.3613026225359204,0.1942294576601243,0.1388486135684226,0.17302364646131377,0.24380621492426338,0.10298136131070172,0.38279395437262365,0.20151337012622117,0.42972295560540225,0.035034170488501847,-0.20520082745296264,0.020718105593287357,0.18146166874136427,-0.014254988914131872,0.22545208569172404,0.08010430668064807,0.20469565276543325,0.41827887355323595,-0.17138058468693898,-0.004663530759345424,0.07473603794030147,-0.09325643712326584,0.20066130960883652,0.08755721339773553,0.16281449501217274,0.39085427257282773,-0.13944667194637295,0.26297135457334436,0.03098117740245458,0.1551896079446485,0.0875224821371752,-0.00188857927528987,0.15037660344603931,-0.0108849018564252,0.3115768478505078,-0.07210579992505702,0.29012590557831397,0.18692116586303034,0.12512030624188042],[0.36129802328567795,2.5270395523492613,2.8242656343136034,3.0965902277972046,3.4364207374497693,4.003829581376173,6.341695374347669,7.652941869880367,8.482698592228788,9.37007115718002,10.514493243516204,11.239050066133313,11.423835942489639,11.997216873959191,13.398745323589605,13.510860828408447,16.024195494545072,16.05023252355332,16.123039347746424,16.67429755656772,16.81087326695242,16.88314505893313,16.921765529315493,16.93819267071936,17.342622590271926,17.405977508751185,17.87136533849275,18.569333573785926,19.507711136079443,20.088866659202644,0.6469959282057377,-0.2112197885802866,0.9173631003807949,0.19073130976486993,0.9113756324580735,0.38090337044237654,0.8251850158780825,0.5420083560994269,0.7561882597584274,0.49912837382920583,0.7102873336862778,0.3324956526352272,0.8031058266795641,-0.027489326316343845,0.7489994137164565,0.4461128083880767,0.4375108750137421,0.1309543650394533,0.3388569428075143,-0.21706008419777206,0.32810409430093096,-0.16804710920472704,0.5285561218118409,0.30632661875847483,0.4226973065981741,0.43512044880422074,0.656078701793867,0.4511275766852937,0.7829701072453426,-0.3922748032576506,0.7976848404873266,-0.19079956566831388,0.210158690284282,0.1050293042988498,0.16369304456011682,-0.17179494547936647,0.24315417607542814,-0.30077985828995507,0.6627935777672634,