{"config":{"run":"vqe-bigT-simulation","bigT":[10.0,20.0,30.0],"nqubits":3,"state":"dmatrix","output":{"file_name_prefix":"vqe-time-rel-noise-experement","draw":{"status":true,"fig_dpi":100,"type":"png"}},"observable":{"def":"ising","coefficients":{"cn":[0.5,0.5],"bn":[1.0,1.0,1.0],"r":1}},"ansatz":{"layer":30,"gateset":1,"ugate":{"type":"xy-iss","coefficients":{"cn":[0.5,0.5],"bn":[0,0,0],"r":0},"time":{"min":0.0,"max":10.0}}},"vqe":{"iteration":1,"optimization":{"status":true,"algorithm":"SLSQP","constraint":true}},"init_param":{"value":"random"},"noise_profile":{"status":false,"type":"dephasing","noise_prob":[0.001,0.001,0.0,0.0],"noise_on_init_param":{"status":false,"value":0}},"redundant":{"identity_factors":[[0,0,0,0],[1,1,1,1]]},"zne":{"method":"richardson","degree":1,"sampling":"default","data_points":null}},"output":{"exact_sol":-3.493959207434935,"initial_cost_history":[0.9808905481264111],"optimized_minimum_cost":[-3.4844353004623065],"optimized_parameters":[[0.8063424486647405,1.2854684759523949,1.4012938543467102,1.526362258023895,1.531565039042595,1.680487858771329,1.8450832744507195,2.577531139087937,2.6759258654050595,2.892231315354642,3.3690256860674053,4.072225644497055,4.144211671790335,4.1866355705057385,4.270667889096076,4.924988245164289,5.083662530310273,5.232195630603574,5.406659782078805,6.622870579145182,6.628193284271812,7.4160298155976845,7.572819089792799,8.405381317326846,8.424822050708134,9.008008674267096,9.595754660482534,9.7359290021076,9.815152502184642,10.0,0.16721171487642433,0.04257956231738825,0.22694661743576847,-0.08971462460690262,0.21736750958220083,-0.07305412582350956,0.2511049066068079,0.09564666302469631,0.1444706163585829,0.2334047944745093,0.08625453390638378,0.2534897947336315,0.09649387361625283,0.28815857372980896,0.3898544263526027,0.07282755074355579,0.36477208918235926,0.10475514510935403,0.4688202147143275,-0.008659627929830766,0.38342991302386614,0.13474799693006692,0.14566237812419902,0.4917368613582598,0.3109878993417224,0.37923765014333305,0.44660202755200296,0.14835252564167978,0.39732657897625906,-0.019411860151808843,-0.06951950890227876,0.12223120316432141,-0.1696614826584941,0.17346241721363653,-0.245832214505315,0.22278063024186842,-0.3464605294998999,0.26417219908757394,-0.024490690737464453,0.552541267466889,-0.1039780388804373,0.4747483222583126,0.20654863508552262,0.12023088613000721,0.2205502263663618,-0.00037876089231839686,0.15677945898718193,-0.2820537265035103,0.30873868855515607,-0.45131800979808495,0.28524067567641936,-0.1406637054198321,0.38422213503531705,0.017137940177139224,0.4144102246182056,0.007108607695670064,0.43395519908637176,-0.01059607877110513,0.51018480833693,0.11160538333914591]],"noise_details":{"identity_factors":[0,0,0,0],"noise_level":[0,0,0,0],"gates_num":[4,1,1,0],"noise_profile":{"status":false,"type":"dephasing","noise_prob":[0.001,0.001,0.0,0.0],"noise_on_init_param":{"status":false,"value":0}},"odd_wires":2},"run_time_sec":2.865704298019409},"others":{"observable_string":"1 X 0 X 1 + 1 Z 0 + 1 X 1 X 2 + 1 Z 1 + 1 Z 2","time_evolution_gate_hamiltonian_string":["0.5 X 0 X 1 + 0.5 Z 0 Z 1 + 0.5 X 1 X 2 + 0.5 Z 1 Z 2"]}}