{"config":{"run":"vqe-bigT-simulation","bigT":[10.0,20.0,30.0],"nqubits":3,"state":"dmatrix","output":{"file_name_prefix":"vqe-time-rel-noise-experement","draw":{"status":true,"fig_dpi":100,"type":"png"}},"observable":{"def":"ising","coefficients":{"cn":[0.5,0.5],"bn":[1.0,1.0,1.0],"r":1}},"ansatz":{"layer":30,"gateset":1,"ugate":{"type":"xy-iss","coefficients":{"cn":[0.5,0.5],"bn":[0,0,0],"r":0},"time":{"min":0.0,"max":20.0}}},"vqe":{"iteration":1,"optimization":{"status":true,"algorithm":"SLSQP","constraint":true}},"init_param":{"value":"random"},"noise_profile":{"status":false,"type":"dephasing","noise_prob":[0.001,0.001,0.0,0.0],"noise_on_init_param":{"status":false,"value":0}},"redundant":{"identity_factors":[[0,0,0,0],[1,1,1,1]]},"zne":{"method":"richardson","degree":1,"sampling":"default","data_points":null}},"output":{"exact_sol":-3.493959207434935,"initial_cost_history":[0.8754191283509967],"optimized_minimum_cost":[-3.484435329999104],"optimized_parameters":[[1.2895988990571103,1.3316751912128943,2.3217200940449367,2.5784727948647026,3.341558313049542,3.6819570464801457,3.9248359705711118,4.009197234809108,4.771933932720564,7.959294074670265,8.586094562560053,9.124647403588181,10.040653674391745,11.03371704122475,11.999975941868463,13.486763125108345,13.955625716846644,14.044049532303788,14.595515581179933,14.883669678942253,15.274197942207667,15.44937234691658,16.32939048060353,16.36339834471669,16.95569416557962,17.358517960643706,17.68355846546096,18.580660891958146,19.84052197006199,21.42932612936589,20.0,0.6189854421261204,0.29407092680481817,0.8126061948346549,0.5907115287814663,0.4708532770559158,0.8238504894162088,0.4983254222319892,1.6064290226791234,1.1941078278836317,1.8802616781631234,1.3581644330647022,1.8123789194204785,1.5066324183504742,1.9884833828935515,1.1189045612801523,1.8356958479321395,0.4729483284379286,1.5622710478996398,0.9113307419936401,1.9136697585659987,1.0288080068591772,1.6748855702616117,0.06854520507214325,0.9689337907380091,0.35490997718879497,0.3780285192043093,0.6000249729818862,1.0106647959357977,0.6619583492068201,1.9325226098554653,0.4488715263097581,1.2421840758034595,0.44420320487720855,1.1790979096990482,0.3593683434929927,0.9902024369033584,0.3626674496356089,0.8172320350680066,0.5694562181815198,0.5234689184503499,0.8790000096612985,0.378797526706362,0.8106831660670659,0.8611903350520755,0.5213293549973805,0.8407402970046743,0.6617885038584415,1.2782261688103735,1.1213227476599186,1.7782176771219789,0.7890175627313067,2.0865057744743107,0.2102237240194742,1.4406580263613056,0.37240290535448306,0.21998950212356388,1.025727595970237,0.17500975747516526,0.7828761703949627]],"noise_details":{"identity_factors":[0,0,0,0],"noise_level":[0,0,0,0],"gates_num":[4,1,1,0],"noise_profile":{"status":false,"type":"dephasing","noise_prob":[0.001,0.001,0.0,0.0],"noise_on_init_param":{"status":false,"value":0}},"odd_wires":2},"run_time_sec":2.726752281188965},"others":{"observable_string":"1 X 0 X 1 + 1 Z 0 + 1 X 1 X 2 + 1 Z 1 + 1 Z 2","time_evolution_gate_hamiltonian_string":["0.5 X 0 X 1 + 0.5 Z 0 Z 1 + 0.5 X 1 X 2 + 0.5 Z 1 Z 2"]}}