{"config":{"run":"vqe-bigT-simulation","bigT":[10.0,20.0,30.0],"nqubits":3,"state":"dmatrix","output":{"file_name_prefix":"vqe-time-rel-noise-experement","draw":{"status":true,"fig_dpi":100,"type":"png"}},"observable":{"def":"ising","coefficients":{"cn":[0.5,0.5],"bn":[1.0,1.0,1.0],"r":1}},"ansatz":{"layer":30,"gateset":1,"ugate":{"type":"xy-iss","coefficients":{"cn":[0.5,0.5],"bn":[0,0,0],"r":0},"time":{"min":0.0,"max":30.0}}},"vqe":{"iteration":1,"optimization":{"status":true,"algorithm":"SLSQP","constraint":true}},"init_param":{"value":"random"},"noise_profile":{"status":false,"type":"dephasing","noise_prob":[0.001,0.001,0.0,0.0],"noise_on_init_param":{"status":false,"value":0}},"redundant":{"identity_factors":[[0,0,0,0],[1,1,1,1]]},"zne":{"method":"richardson","degree":1,"sampling":"default","data_points":null}},"output":{"exact_sol":-3.493959207434935,"initial_cost_history":[0.5123795917342768],"optimized_minimum_cost":[-3.484434850201379],"optimized_parameters":[[3.8362777790162697,6.176921134488471,6.557656727431749,7.664827820365524,8.111423472481045,9.509803699102108,11.257447587083671,12.370894547873428,13.610971685230147,15.548257930695907,17.774797297136164,17.808316938091846,18.012326466554597,18.638901715746936,18.675042241896485,19.38320561113643,19.964807221024813,20.034625660659994,20.337191857415863,21.136549695354315,21.86192337867042,21.910222166473144,22.1002353934271,22.21711268265715,23.744372067510934,26.15502293458005,26.948778683711147,29.113716747931818,29.354587168700775,29.483734586539796,30.0,0.7090070450762582,0.11125463266489724,1.1726219536883247,-0.22690879182108198,1.484523125909239,0.11331829965692368,0.8449820826922456,0.5806272103385036,1.0800352887928357,0.757317119596132,1.2856962022082032,0.27112198582191543,1.6981356749056962,0.6298753587479975,1.159265021843196,0.8695657309973897,1.816545964382606,0.5252267546123588,0.934512597957969,0.576413928890421,1.8605488776873575,0.9251224068228381,1.5876618845229526,1.0990130259591187,1.5243613542497065,0.8485634236524875,1.0524765418037774,0.7235558337802499,1.0690078542998194,0.181333322950954,1.2552992492222423,0.04803968246186329,1.464265908544243,0.11729232037733642,1.4096789302140886,-0.23622975383561245,1.1260884869010996,-0.460111785375013,0.8642145621515703,0.28925002052944976,1.3133063981182218,0.8306986170958849,1.2525407763620942,1.1311288549361314,1.651737635002118,0.9429470618173983,1.5997052438103283,-0.21595969132221982,1.535678608516593,0.4238291260405495,1.1915044535148616,1.3906723295332515,1.3007206606899953,-0.28185723309971666,1.1085209683756378,0.02403244615849403,0.5104374686136592,0.3338086812976568,0.45408474767925205]],"noise_details":{"identity_factors":[0,0,0,0],"noise_level":[0,0,0,0],"gates_num":[4,1,1,0],"noise_profile":{"status":false,"type":"dephasing","noise_prob":[0.001,0.001,0.0,0.0],"noise_on_init_param":{"status":false,"value":0}},"odd_wires":2},"run_time_sec":2.9523913860321045},"others":{"observable_string":"1 X 0 X 1 + 1 Z 0 + 1 X 1 X 2 + 1 Z 1 + 1 Z 2","time_evolution_gate_hamiltonian_string":["0.5 X 0 X 1 + 0.5 Z 0 Z 1 + 0.5 X 1 X 2 + 0.5 Z 1 Z 2"]}}