{"config":{"run":"vqe-bigT-simulation","bigT":[15,20.0,30.0,40,45],"nqubits":3,"state":"dmatrix","output":{"file_name_prefix":"vqe-time-rel-noise-experement","draw":{"status":true,"fig_dpi":100,"type":"png"}},"observable":{"def":"ising","coefficients":{"cn":[0.5,0.5],"bn":[1.0,1.0,1.0],"r":1}},"ansatz":{"layer":30,"gateset":1,"ugate":{"type":"xy-iss","coefficients":{"cn":[0.5,0.5],"bn":[0,0,0],"r":0},"time":{"min":0.0,"max":20.0}}},"vqe":{"iteration":1,"optimization":{"status":true,"algorithm":"SLSQP","constraint":true}},"init_param":{"value":"random"},"noise_profile":{"status":false,"type":"dephasing","noise_prob":[0.001,0.001,0.0,0.0],"noise_on_init_param":{"status":false,"value":0}},"redundant":{"identity_factors":[[0,0,0,0],[1,1,1,1]]},"zne":{"method":"richardson","degree":1,"sampling":"default","data_points":null}},"output":{"exact_sol":-3.493959207434935,"initial_cost_history":[0.3646864366604278],"optimized_minimum_cost":[-3.4844352325898416],"optimized_parameters":[[0.9455232027071772,1.606473151082118,1.874263846591079,1.889689549971369,2.1605753031482924,3.1593179128817632,3.3207356853874086,3.441732125990603,3.932512776270756,4.061818038955368,4.641679575336999,5.622374720935218,6.195317780245273,6.56409174752374,6.887449726524337,6.966563323161727,7.7832602141297045,9.622939453409273,10.701317758425283,11.005287649833635,11.953562003233145,13.81605747628352,15.85868337590621,15.969366599756242,17.600788063456314,18.013463242967937,19.023942167347492,19.32697957990806,19.642739673809483,20.0,-0.22618088458897231,0.13795456752422458,-0.0008493661074963873,-0.13858483606543254,0.11599870274358341,-0.22442125174070623,0.10811820186671872,-0.12307418089017723,0.25626351585583657,-0.21997090235252104,0.39029105732426106,0.08365299756917309,0.378858477102245,0.19085211574672367,0.33751924472558587,0.26356188135743575,0.19796797494898108,0.42530520377215847,0.10468822512406195,0.45868722216266056,0.03454362313968848,0.21730101447966152,0.0383823327538291,0.05382459427072515,0.03830848438748078,0.04039397149516006,0.08712914778265256,0.03515753707892637,0.0699791885091784,0.060953838276426725,0.029008277013374575,0.0011932609615888461,0.11070965660810052,0.2326494024139264,0.09093404675976406,0.008211610939486965,0.021460832177545814,0.2893229757089523,-0.07536121786096206,0.2200594545772076,0.04183612576568666,0.07203160159400258,0.24637385822170157,-0.09646391303907342,-0.08675626047199508,0.12058576902657689,-0.10258394113007319,0.09340974989508197,0.39008278003632024,-0.12685947896507369,0.39227608013957915,-0.19369097492345108,0.19533249379015233,0.17904502937561426,0.10695268531095356,0.3448739907987105,0.03498497954661327,0.3177454611624612,-0.013798825685756124,0.163169045879523]],"noise_details":{"identity_factors":[0,0,0,0],"noise_level":[0,0,0,0],"gates_num":[4,1,1,0],"noise_profile":{"status":false,"type":"dephasing","noise_prob":[0.001,0.001,0.0,0.0],"noise_on_init_param":{"status":false,"value":0}},"odd_wires":2},"run_time_sec":2.8547282218933105},"others":{"observable_string":"1 X 0 X 1 + 1 Z 0 + 1 X 1 X 2 + 1 Z 1 + 1 Z 2","time_evolution_gate_hamiltonian_string":["0.5 X 0 X 1 + 0.5 Z 0 Z 1 + 0.5 X 1 X 2 + 0.5 Z 1 Z 2"]}}