{"config":{"run":"vqe-bigT-simulation","bigT":[10.0,20.0,30.0],"nqubits":3,"state":"dmatrix","output":{"file_name_prefix":"vqe-time-rel-noise-experement","draw":{"status":true,"fig_dpi":100,"type":"png"}},"observable":{"def":"ising","coefficients":{"cn":[0.5,0.5],"bn":[1.0,1.0,1.0],"r":1}},"ansatz":{"layer":30,"gateset":1,"ugate":{"type":"xy-iss","coefficients":{"cn":[0.5,0.5],"bn":[0,0,0],"r":0},"time":{"min":0.0,"max":30.0}}},"vqe":{"iteration":1,"optimization":{"status":true,"algorithm":"SLSQP","constraint":true}},"init_param":{"value":"random"},"noise_profile":{"status":false,"type":"dephasing","noise_prob":[0.001,0.001,0.0,0.0],"noise_on_init_param":{"status":false,"value":0}},"redundant":{"identity_factors":[[0,0,0,0],[1,1,1,1]]},"zne":{"method":"richardson","degree":1,"sampling":"default","data_points":null}},"output":{"exact_sol":-3.493959207434935,"initial_cost_history":[1.1673507688715365],"optimized_minimum_cost":[-3.484435019073249],"optimized_parameters":[[1.7671861148738621,3.593360095685658,5.788894200744247,6.323376796694964,7.2627892895519075,8.23028940679301,8.333346035591294,12.184612109401737,12.27123678198477,12.389986439035724,12.728404505650257,14.19210299827093,14.776366127793597,17.695662125124358,17.77912865757133,17.975998103917686,19.56132843554307,20.551065149978665,20.76479911513606,20.920645166228425,23.61088311945713,23.65929498047205,24.007739927195622,25.026776575192876,25.98734622839461,26.28490556528226,29.04882547509431,29.297725151765622,29.829624268911456,30.0,0.05470643319652063,-0.01824930437454222,0.4615987905283857,-0.018311983709887906,-0.05289365959094256,0.3352296402845545,-0.016171752182979404,0.06083502923480643,0.08946182017800541,-0.17872882727893813,0.2981812759278511,-0.07544395929018731,0.23982242280241323,-0.058457587475273194,0.20845030665060849,-0.16454749629471593,0.14673561947769886,-0.05539470481504988,0.1387215074917736,0.09366131839247574,0.12253079150170615,0.1850765235204641,0.0015248253929087963,0.4194235035939633,0.030770540386581124,0.3416883182208729,0.1897050676049699,0.3164297530729621,0.24748765460296107,0.3346008706772024,0.3353689235532868,0.29418121684934195,0.32331971265285536,0.14363232131874262,-0.12155783159849955,0.24360477484670778,-0.2596446648225051,0.2719059179489046,-0.3503732838312488,0.2186092400753438,0.3415535440276355,0.10689258562607253,0.5089973355495117,-0.09515200880453618,0.5613356127812184,-0.034977529069085335,0.12295039688368732,0.2238333152657408,-0.04945841579077714,0.3462827414950585,-0.12533991410728476,0.3106523660281583,0.28212908148356214,-0.018537324026265428,0.1683014413852205,0.0008479661978073099,0.14285156086191952,0.15794873851913013,0.15522518115521142,0.3454514753918832]],"noise_details":{"identity_factors":[0,0,0,0],"noise_level":[0,0,0,0],"gates_num":[4,1,1,0],"noise_profile":{"status":false,"type":"dephasing","noise_prob":[0.001,0.001,0.0,0.0],"noise_on_init_param":{"status":false,"value":0}},"odd_wires":2},"run_time_sec":3.5836472511291504},"others":{"observable_string":"1 X 0 X 1 + 1 Z 0 + 1 X 1 X 2 + 1 Z 1 + 1 Z 2","time_evolution_gate_hamiltonian_string":["0.5 X 0 X 1 + 0.5 Z 0 Z 1 + 0.5 X 1 X 2 + 0.5 Z 1 Z 2"]}}