{"config":{"run":"vqe-bigT-simulation","bigT":[10.0,20.0,30.0,40.0,50.0,60.0,70.0,80.0,90.0,100.0],"nqubits":3,"state":"dmatrix","output":{"file_name_prefix":"vqe-time-rel-noise-experement","draw":{"status":true,"fig_dpi":100,"type":"png"}},"observable":{"def":"ising","coefficients":{"cn":[0.5,0.5],"bn":[1.0,1.0,1.0],"r":1}},"ansatz":{"layer":30,"gateset":1,"ugate":{"type":"xy-iss","coefficients":{"cn":[0.5,0.5],"bn":[0,0,0],"r":0},"time":{"min":0.0,"max":10.0}}},"vqe":{"iteration":10,"optimization":{"status":true,"algorithm":"SLSQP","constraint":true}},"init_param":{"value":"random"},"noise_profile":{"status":false,"type":"dephasing","noise_prob":[0.001,0.001,0.0,0.0],"noise_on_init_param":{"status":false,"value":0}},"redundant":{"identity_factors":[[0,0,0,0],[1,1,1,1]]},"zne":{"method":"richardson","degree":1,"sampling":"default","data_points":null}},"output":{"exact_sol":-3.493959207434935,"initial_cost_history":[0.8755468346965852,0.6778249426484061,1.1174895720834752,2.2100368641830994,1.236069403111728,1.2970476753511508,0.3068235899213526,0.5860814140689975,0.9707251286985827,1.1066532641465385],"optimized_minimum_cost":[-3.4844348733142456,-3.4844352894458486,-3.48443522683304,-3.4844353273713984,-3.484435249321091,-3.4844343404763753,-3.484434946547264,-3.484435103076975,-3.4844352717889757,-3.484435240063507],"optimized_parameters":[[0.3225626868997784,0.5371826708273753,0.8606431633494839,1.12257585074716,2.6421262417026603,2.751164023769828,2.984865791751261,3.102579580974904,4.764759506046735,4.948752168288596,5.044728729540685,5.135526230337152,5.1717423257639785,5.179396581115006,5.179491187479178,5.17971368932061,5.190910664059633,5.19712347450949,5.1984886874005465,5.334724089507101,5.527399728561843,5.968505405968086,6.107379334899084,6.479570439191133,6.497072288945359,6.814401121053773,7.087535507947627,9.326670638718461,9.709918099004724,10.035068695210423,0.2149447016176014,-0.04024118126451788,0.22907285242165357,0.1333337202956463,0.07085976320474309,0.030472965029632617,0.12393977124373314,-0.17323734104646643,0.7196606293874546,0.0663075582205317,0.7849735772076517,0.3814654477464841,0.8610946336157478,0.24052900829314336,0.860569809706573,-0.01583445588255514,0.15638596496749155,0.05062407628285558,0.17082650659561768,-0.0008938926805141106,0.22676712916790873,0.1941633946975179,0.34949664742884656,0.3131464004858183,0.34381352922481495,0.3382213846502435,0.36559959689350113,0.33177870424636446,0.3849127724768848,0.3798650889089909,0.41590891162705473,0.39285935899884056,0.4143684212112273,0.3560226064472944,0.4080786715461683,0.3410199436357848,0.3807282652808689,0.4171086255181543,0.2847429787891125,0.3089662399531151,0.18661757512557203,0.37073942920406544,0.10105460185561352,0.4047942502432786,-0.021809789048714532,0.4432261668158078,-0.022211583603183153,0.22264913481162993,-0.08572517860037634,0.21913363122872148,0.019263601319662777,-0.08434224362777117,0.13231325242676678,-0.332452782697992,0.4387695692848919,-0.13998190359727203,0.5401609032139909,-0.058742898389586726,0.491076608172197,0.5250948497945412],[0.12369021675503955,0.1496426925479253,0.1974190646958102,0.6420264198478415,1.324769427780959,1.8948736040196423,2.3060413497586345,2.624780746389237,3.1570016654350606,3.649571869371232,3.7671338188602723,3.9854343430097883,4.152413027963421,4.468290155478227,4.799588246563557,4.953027227114662,5.147247089813762,5.2674776815969615,6.595343112965368,6.662969091645087,6.698713722943214,6.848729613211674,6.950871601037415,7.483235951127806,7.824463825044907,8.335520797768126,8.908029256854107,9.155757755347885,9.322087120351512,9.999999974473322,-0.5899974167163821,-0.5516616693052918,-0.4202224411374923,-0.525667890645073,-0.3854399237339024,-0.5049555020502317,-0.059482772942558854,-0.4452256402179153,0.39998992159138574,-0.23386366167641517,0.7088868113923792,0.4390260009448929,0.6358672342763315,0.8185290983673119,0.6836344743470137,0.916468469312555,0.4761049636535166,0.9276043605211174,-0.06791722515430121,0.36056746551353525,-0.023832528243617063,0.15888115013396598,-0.011110698507178942,-0.09573587225207154,-0.07476739301967218,-0.21402390366252802,-0.1766244014356008,-0.3045522089231017,-0.2780951966409965,-0.16423705387613824,-0.2878391268850932,-0.03216414371198394,-0.3806346726608413,0.10226763405496614,-0.500917532413245,0.19510022294097795,-0.0013735774273445798,0.3366607590070769,0.06270925322546268,0.37445579498938864,0.07455868461064502,0.3978153217679669,0.2497154398362919,0.4507008502557432,0.36829269272357823,0.37275006670361915,0.6450496824517589,-0.022108456171100133,0.7777802421260387,-0.33544647297671953,0.824852728980693,-0.377302291193999,0.617046506849095,-0.3466144922624658,0.48513507201966366,-0.37588172001351355,0.3363098033239107,-0.422118877259056,-0.0001280828035819787,-0.26251726567564215],[0.23252766329177463,0.24774028804055662,0.7038370259994013,0.8801812824280855,3.017685597832695,3.6450878050992874,3.9761258359438685,4.212106130690543,4.307285813697177,4.3518733201914905,4.385361099507193,4.441774168163892,4.595939666933181,4.699623735666422,5.4204792835851,5.7317848824311515,6.459298265847798,6.5192619249791965,6.8885676758455565,8.117053865842951,8.278296616495172,8.591727734079674,8.95403748540944,9.054487199555016,9.166472976915026,9.173409800623308,9.437650439245717,9.667230170141991,9.673907340218618,9.999999913611198,-0.17130911262193277,0.278074371676472,-0.11735832432978735,0.25983934983461,-0.04544353838235132,0.2941121930569183,0.017100007994869753,0.09540736331423488,0.6577254049630347,0.10735380424773106,0.48349084738687875,0.10043363222735156,0.5312870120531293,-0.12031212550477677,0.6618523802382396,-0.10075863942713649,0.6429302971449263,0.06801457669050445,0.6324077017926583,0.2181744883062103,0.4811887139866355,0.40368184109795824,0.42609379157339555,0.45239293171536293,0.3188395891637267,0.3698831463043435,0.24695881062662173,0.3139046011841961,0.24907550100492512,-0.021770755578604827,0.3322405799889391,-0.1623424246357562,0.6075628429826433,-0.11417005791641746,0.6121564314304522,0.1601348664484508,0.5115555424965753,0.18527770185769535,0.28796391602042365,0.019647719005911626,0.2961674960557434,0.008537225282039224,0.37783673621481606,-0.07717273604582955,0.27197659191513635,0.1891735859119348,0.25521222645162595,0.2445439728382133,0.27557186291333474,0.3387706744417524,0.2362144745823031,0.22475623082691829,0.14653959291874533,0.4800921563025637,-0.0012710098995537657,0.7273596025771659,0.10267122341565608,0.6364138231123945,0.2228826837894292,0.459764054673266],[0.43609989294676305,0.5389173642176126,1.019898146867101,1.0971337759634379,1.171419644679249,1.672935282469648,1.74246386974592,2.6890598973573168,3.776335512665169,4.466959413914832,4.669230125083853,4.849352508626233,4.997477557221775,5.317179369135475,6.355470519860714,6.628477941419024,7.042345310116128,7.535838744678995,7.921451559487195,8.00308616989632,8.315051477491885,8.601297122985,8.70188136674986,8.980931079261303,9.139173345043933,9.48876962983693,9.606160862388245,9.841040960881742,9.895705223331946,10.018461316321687,0.3813942069998629,0.4945619434958535,0.4100391620849537,0.5094127615144118,0.5130848549571595,0.580307697064117,0.4561549712367459,0.661899980666724,0.37646155879654847,0.6310649261901963,0.483622943006654,0.3035710688965094,0.3791591396426122,0.29806237293480425,0.8572780480228795,0.22189911372957272,1.2878114274598729,0.030420482869848154,0.9168052772029147,-0.037666533786109714,0.7912854081502877,-0.25741424270647395,0.7035812170369544,-0.3830004347675356,0.6882362292420054,-0.24059083250142188,0.4917486269522972,0.24959576894113578,0.23939311656384393,0.4847104901059513,0.30328659560153304,0.3263948887762157,0.5601733018319914,0.2524462242289355,0.9129402504474917,0.2522660092763755,1.0849729945514055,0.023605321457383942,1.0750680775987793,0.06555217065830232,1.2625835051229162,-0.28226763825803114,1.255626190868186,-0.47723707541998367,1.328647343576112,