{"config":{"run":"vqe-bigT-simulation","bigT":[10.0,20.0,30.0,40.0,50.0,60.0,70.0,80.0,90.0,100.0],"nqubits":3,"state":"dmatrix","output":{"file_name_prefix":"vqe-time-rel-noise-experement","draw":{"status":true,"fig_dpi":100,"type":"png"}},"observable":{"def":"ising","coefficients":{"cn":[0.5,0.5],"bn":[1.0,1.0,1.0],"r":1}},"ansatz":{"layer":30,"gateset":1,"ugate":{"type":"xy-iss","coefficients":{"cn":[0.5,0.5],"bn":[0,0,0],"r":0},"time":{"min":0.0,"max":30.0}}},"vqe":{"iteration":10,"optimization":{"status":true,"algorithm":"SLSQP","constraint":true}},"init_param":{"value":"random"},"noise_profile":{"status":false,"type":"dephasing","noise_prob":[0.001,0.001,0.0,0.0],"noise_on_init_param":{"status":false,"value":0}},"redundant":{"identity_factors":[[0,0,0,0],[1,1,1,1]]},"zne":{"method":"richardson","degree":1,"sampling":"default","data_points":null}},"output":{"exact_sol":-3.493959207434935,"initial_cost_history":[0.9772865346836107,1.6371096977543664,0.5190225546226839,1.2617749739056006,0.373518407944147,0.5248136610362301,0.3444426341042806,1.2630252994242581,1.9024227723722986,2.1009784742102635],"optimized_minimum_cost":[-3.484434976742847,-3.484435059250484,-3.4844351781476126,-3.4844350613655255,-3.4844352929561184,-3.484435147954381,-3.484435162363027,-3.4844352410230246,-3.484434875498171,-3.48443514961701],"optimized_parameters":[[0.882392346690009,2.4367572601831338,3.0300386408962874,3.4275549373440666,6.745630853860855,7.520877060814536,8.655683462393828,8.725526841233375,9.394163030393099,9.442463662043313,10.14278069772136,13.150724318495442,13.39555239478633,13.59354334070425,15.816460348598373,16.561114502591973,17.202344015015324,17.640884656756157,18.00721013957464,19.85915222331544,20.18587918777707,20.240282532449772,21.076266286330675,21.51676520611817,24.176727294755953,24.833174318731874,26.41609102181359,27.193741302597573,27.235705296577112,29.99999999484447,-0.4604419566792649,0.24522591874184282,-0.1344269028423477,0.31483750586528253,0.1406396485821561,0.0007168474545243648,0.2539372067033304,-0.014391426500236412,-0.012134194249225122,0.26477308347619205,0.16246597990144393,0.10018994174011718,-0.03852778269893699,0.17186373630081342,-0.0161068254198139,0.18797368614989848,0.008038850894164338,0.44456339536570294,0.1846262688039612,0.4579381955863318,0.3450907149300199,-0.18901345382132909,0.07361444441746316,0.11425710186396923,0.19363649021498486,0.23904294835666035,0.3586255139675678,0.2738278573743661,0.122100779289044,0.2839529255237322,-0.23302024742601835,-0.12873218763593575,0.012274007095190517,-0.14604553359986194,0.24330701694808385,-0.047489392342803735,0.42690006426052585,0.05607973429203595,0.31883514862995294,0.22656294485819414,-0.05138650567164087,0.25726120857504087,-0.22877417061861804,0.1349767310954473,-0.24823267167779087,-0.10899179604940072,0.03345891554646086,-0.16324250687032163,-0.22690385139515137,0.13495669925180598,-0.49024281811056,-0.25409879509298217,0.31971752971805734,-0.025854763190237166,-0.024193620670261772,0.17265249451157183,-0.10945392810973471,0.3245426198156815,-0.09452145138530946,-0.2063778085674081],[0.06211912296395107,2.0652584951373587,2.131627190102653,2.1775349525839656,3.3358860351798114,3.3514493956243654,3.3819949576899524,3.9398468568988316,4.647994540043955,5.445846906581281,9.615812032556878,10.015354655599449,10.641742383917876,12.36398162739834,13.12248432668238,14.050219711805484,14.275652059694856,14.795871964526883,20.849715859134893,20.982958387335028,21.668145704279237,23.214390221232957,23.300811008730427,24.596413659573894,24.953557017515855,27.618751077160248,29.05898823513455,29.19194447166,29.275217186736505,30.000000024224658,0.6287276608861739,0.3616517396914773,0.30891354560986833,0.431773457063577,0.00039466213922522314,0.6780422414272962,-0.2772817009921557,0.689851954113757,0.5300459104169808,0.10612677674624063,0.4538822972239557,0.10099560158488322,0.49504815734399316,0.17166115417250577,0.5504833744483789,0.8625737096138225,0.6061455724883137,0.75840261309812,0.5816374697798298,0.44377163557664634,0.7792212131568785,0.34675757781246075,0.4575217414706058,0.4838406709064679,-0.1584894138836953,0.5646137720829734,0.4631342551871093,0.14857538887875335,1.107178619787,0.4435888194571859,0.6682969775555967,0.563743694702042,0.45131919827118966,0.7122698848616796,-0.11103510736772175,0.8989757405609701,-0.38881424910113654,0.05332165303230879,-0.33014955221237097,0.09247174360751667,0.349360997109557,0.21965435791502896,0.6120617657804983,0.5512214869838825,0.6045472080101171,0.5401169081904224,-0.673587846473217,0.565683478750623,-0.5015295223095676,0.32438662659177425,0.8617021459218067,0.4280502833457389,-0.46408929619409994,0.7588099000744074,-0.36396989120794404,0.539391961076318,-0.26257797942867417,0.43194995635404587,-0.0323016846782732,-0.267681572326708],[2.3096689407540145,4.228293262002823,4.7059252478124485,6.227129373370851,8.572393725170798,9.048978009144664,9.183638000538911,9.328653308437149,9.926343253267147,10.902365121426143,12.915556458688343,13.899091334569414,14.165451506292492,14.72888048258221,14.89045179262369,15.00692258128185,17.181165019338913,17.444774572749747,18.475382868140816,19.352083052121376,20.175506478288085,21.136100690323293,22.049474729302883,23.15925422287263,23.307162223553732,23.47522793544646,25.210049787611755,25.463278796648325,25.746484197399443,30.000000053952814,0.07530332825674818,-0.02435942668751191,0.4151769242178008,-0.24834256780732297,0.28719531058615105,0.13880186416610368,-0.05603985763413202,-0.07956246763627059,0.3636823808848935,-0.01726000007721268,0.15309207745375794,0.23542402836197102,0.08731803766886286,0.3129184826406384,0.1087631976346878,0.262932044926522,0.13308408611221506,0.05532128977326077,-0.04398922895122504,-0.148340953349802,0.07095975329771093,0.14131962042793603,0.18311452484266566,0.22953769524793688,0.2902782177541695,0.07804741899982745,0.29502559603063105,-0.05406352353700932,0.1717266439415823,0.005921448833668409,0.13429439665716908,0.036082785147977456,-0.07849760330845282,0.16103604492522633,-0.0220437098358383,0.32498362067577036,0.21085875989233346,0.04095165710401767,0.0628035776659082,0.07249087979134562,-0.21083552981617273,0.04861961143974018,-0.20915928177415238,0.008768121735832001,0.20060348102885528,0.38182555887872943,0.18122305416448167,-0.12624499072735085,0.1761125645945785,-0.07824729702222201,0.04480290177031193,0.07458112565774538,0.049738338102722886,-0.03026324977124528,0.16279864442713818,0.029337796733232616,0.29803259921297226,0.1628643635146332,0.22226451377480022,0.059186179080241624],[0.7609696563259546,1.2724959869690469,2.345801558387399,2.55283178191721,6.628138939999662,8.05733048692159,8.351688919812469,9.29502827711971,10.644395364624964,11.067580766813496,13.658334127466762,13.724429897094895,13.773660126933542,14.14033655378442,14.778380347848863,15.557041249337077,18.09080546403607,19.452891816716484,19.748427559759588,20.683378719021835,21.353846009116527,23.657715264763915,24.323228189629585,26.59420638068815,27.576245005933917,28.451154226441847,28.528143420411304,28.652615359512858,29.62280281044531,30.05245909008814,0.43645322682446536,0.3915325257999348,-0.011848011541290445,-0.022302322465115102,-0.0692232627578511,0.26466611689197383,0.30046187523428985,0.12210984128912049,-0.13568873697818373,0.2039482964550349,0.567683734741271,0.5984024999684303,0.8058576087934836,0.26704032113306864,0.8294158782740818,0.472992715924322,-0.3654157556995075,0.34958327226869107,-0.647317511581092,-0.10870184367263362,0.7775619010172428,0.8266471757012049,0.7343694753197209,0.9325668646901947,0.6232362691214198,1.1101091564023802,0.14362660700479754,0.8002810150215686,-0.40150623054950824,0.723173279818269,-0.5683193794994426,0.05842040907828769,0.1741525607792902,0.31617132984352103,-0.249092669348641,1.0441230169104305,-0.40468320446093115,1.4020703268052812,-0.3724001345238471,-0.26276477286220307,0.060671568107250565,