{"config":{"run":"vqe-bigT-simulation","bigT":[15,20.0,30.0,40,45],"nqubits":3,"state":"dmatrix","output":{"file_name_prefix":"vqe-time-rel-noise-experement","draw":{"status":true,"fig_dpi":100,"type":"png"}},"observable":{"def":"ising","coefficients":{"cn":[0.5,0.5],"bn":[1.0,1.0,1.0],"r":1}},"ansatz":{"layer":30,"gateset":1,"ugate":{"type":"xy-iss","coefficients":{"cn":[0.5,0.5],"bn":[0,0,0],"r":0},"time":{"min":0.0,"max":30.0}}},"vqe":{"iteration":1,"optimization":{"status":true,"algorithm":"SLSQP","constraint":true}},"init_param":{"value":"random"},"noise_profile":{"status":false,"type":"dephasing","noise_prob":[0.001,0.001,0.0,0.0],"noise_on_init_param":{"status":false,"value":0}},"redundant":{"identity_factors":[[0,0,0,0],[1,1,1,1]]},"zne":{"method":"richardson","degree":1,"sampling":"default","data_points":null}},"output":{"exact_sol":-3.493959207434935,"initial_cost_history":[1.9820842460784687],"optimized_minimum_cost":[-3.4844352424046],"optimized_parameters":[[0.3477527727281209,1.8368402840917053,5.364168466014667,6.132346682480228,6.384581883587632,6.43836814432447,7.020965254486895,7.1536599975218715,7.2256632405397285,8.380991222031408,9.464013611358272,9.587558007230909,10.121510382896721,10.533005175341625,13.781173329278777,15.518225951972791,15.69898071354861,16.455425415241592,17.439482063673427,17.771710873131777,17.93852651374367,21.989183982515154,23.703311833239095,24.14236993631677,25.54681209977528,28.611200056657907,28.841813432569847,28.911972403613643,29.184440732701578,30.0,-0.04368746659209964,0.49410778766644275,-0.3114456907813687,0.18115161483545125,-0.22902635750740857,0.1746974772488641,-0.16160446319837932,0.2835799854964009,-0.10170164648412132,0.34362533694647274,-0.13052656848935984,0.24243876827515026,0.06596195690517952,-0.26408207494488634,0.17589618821081096,-0.24226588135178642,0.19614839361839298,-0.14496103130793292,0.4719952120444919,0.5629509754303904,0.29174643798810207,0.23194815197310456,0.22610920882961513,0.15157982993027366,-0.06116520920079519,0.24311454524637124,-0.21826120323339954,0.4583626418518473,0.36270777760547424,0.15451443679137786,-0.5443442354551592,0.6673889094926794,-0.6000835788054987,0.5618375315631469,-0.1417429371725277,-0.1250968527319219,0.38884307152298564,0.3254961200843523,0.5010816399856028,0.47591223605751026,0.5414299636456193,0.40889190552640214,0.38497751326699947,0.39288226157797906,-0.02647605685202624,0.45374741206935376,-0.2637895687702021,0.6064698603381948,0.058973688691442476,-0.15773917215320216,-0.25481149492967375,0.8614628992893452,-0.284814468203287,0.48392807002573207,-0.21195951104267463,0.3048090600290858,-0.18755505590596783,-0.13012976611531044,0.24722705279301962,-0.4854432976799093]],"noise_details":{"identity_factors":[0,0,0,0],"noise_level":[0,0,0,0],"gates_num":[4,1,1,0],"noise_profile":{"status":false,"type":"dephasing","noise_prob":[0.001,0.001,0.0,0.0],"noise_on_init_param":{"status":false,"value":0}},"odd_wires":2},"run_time_sec":3.7777819633483887},"others":{"observable_string":"1 X 0 X 1 + 1 Z 0 + 1 X 1 X 2 + 1 Z 1 + 1 Z 2","time_evolution_gate_hamiltonian_string":["0.5 X 0 X 1 + 0.5 Z 0 Z 1 + 0.5 X 1 X 2 + 0.5 Z 1 Z 2"]}}