{
  "config": {
    "run": "vqe-bigT-simulation",
    "bigT": [15, 20.0, 30.0, 40, 45],
    "nqubits": 3,
    "state": "dmatrix",
    "output": {
      "file_name_prefix": "vqe-time-rel-noise-experement",
      "draw": { "status": true, "fig_dpi": 100, "type": "png" }
    },
    "observable": {
      "def": "ising",
      "coefficients": { "cn": [0.5, 0.5], "bn": [1.0, 1.0, 1.0], "r": 1 }
    },
    "ansatz": {
      "layer": 30,
      "gateset": 1,
      "ugate": {
        "type": "xy-iss",
        "coefficients": { "cn": [0.5, 0.5], "bn": [0, 0, 0], "r": 0 },
        "time": { "min": 0.0, "max": 45 }
      }
    },
    "vqe": {
      "iteration": 1,
      "optimization": {
        "status": true,
        "algorithm": "SLSQP",
        "constraint": true
      }
    },
    "init_param": { "value": "random" },
    "noise_profile": {
      "status": false,
      "type": "dephasing",
      "noise_prob": [0.001, 0.001, 0.0, 0.0],
      "noise_on_init_param": { "status": false, "value": 0 }
    },
    "redundant": {
      "identity_factors": [
        [0, 0, 0, 0],
        [1, 1, 1, 1]
      ]
    },
    "zne": {
      "method": "richardson",
      "degree": 1,
      "sampling": "default",
      "data_points": null
    }
  },
  "output": {
    "exact_sol": -3.493959207434935,
    "initial_cost_history": [2.142431298948808],
    "optimized_minimum_cost": [-3.4844351011735215],
    "optimized_parameters": [
      [
        1.795721595160704, 4.8056808924638705, 6.5450875679966,
        8.968658326711221, 9.670507995412805, 9.91924152113648,
        10.493944303430755, 10.724312294941823, 10.828253557151518,
        11.378158795006055, 14.26660917166555, 14.2745316616863,
        15.136444409316198, 15.290572277505602, 17.267548853877923,
        21.455386711225927, 22.20943408713836, 24.526594876471822,
        25.407763587298323, 27.252114589187222, 29.690519276305675,
        29.901792511392276, 30.477215155362682, 33.48815428855618,
        34.457956205487314, 35.33142114215654, 36.70033255169159,
        39.467203189954375, 44.821909569321406, 45.0, 0.10198196104174156,
        0.4059747016148745, 1.428624857968854, -0.4942264649671754,
        0.34971074180191064, 0.2668349717739275, 0.9125178393019866,
        -0.6618679874883404, 0.6680351688299186, -0.08458523328860762,
        0.48408625893090995, -0.006455190398097789, 0.42236429014800775,
        0.07677923420170374, 0.3641703004894001, 0.1718506634674413,
        0.4592232724890184, 0.2076260149865803, 0.6922815468922321,
        0.02215326251226223, 0.6673744605093819, -0.08715788784879441,
        0.7352909241117944, 0.036231151206901485, 0.41000864436042467,
        0.3523206596284555, 0.3072496849600294, 0.3289989970250692,
        0.6699669808078696, -0.25500431437524623, 0.6364512009250484,
        -0.181304456038456, 0.7188700140754527, -0.63192580546015,
        0.754630430187978, 0.18182420094656715, 0.5061800367809745,
        0.07375458134000393, 1.0089279919407177, -0.5113221583316844,
        0.3513234474538333, 0.10979539390467243, 0.2708911171445658,
        0.16417026254621567, 0.30636482591344316, -0.26472907098325577,
        0.8447512900351853, 0.2950094755594032, 0.23723921391733657,
        0.5202211341883684, 0.1419178928391167, -0.632499159136317,
        1.276478702205049, 0.0767767212954006, 0.18436352553016716,
        -0.353262264083456, 0.7607723202088889, -0.7314953806563623,
        0.3344442707107363, -0.9074378178486529
      ]
    ],
    "noise_details": {
      "identity_factors": [0, 0, 0, 0],
      "noise_level": [0, 0, 0, 0],
      "gates_num": [4, 1, 1, 0],
      "noise_profile": {
        "status": false,
        "type": "dephasing",
        "noise_prob": [0.001, 0.001, 0.0, 0.0],
        "noise_on_init_param": { "status": false, "value": 0 }
      },
      "odd_wires": 2
    },
    "run_time_sec": 5.204668760299683
  },
  "others": {
    "observable_string": "1 X 0 X 1 + 1 Z 0 + 1 X 1 X 2 + 1 Z 1 + 1 Z 2",
    "time_evolution_gate_hamiltonian_string": [
      "0.5 X 0 X 1 + 0.5 Z 0 Z 1 + 0.5 X 1 X 2 + 0.5 Z 1 Z 2"
    ]
  }
}
