{"config":{"run":"vqe-bigT-simulation","bigT":[10.0,20.0,30.0],"nqubits":3,"state":"dmatrix","output":{"file_name_prefix":"vqe-time-rel-noise-experement","draw":{"status":true,"fig_dpi":100,"type":"png"}},"observable":{"def":"ising","coefficients":{"cn":[0.5,0.5],"bn":[1.0,1.0,1.0],"r":1}},"ansatz":{"layer":30,"gateset":1,"ugate":{"type":"xy-iss","coefficients":{"cn":[0.5,0.5],"bn":[0,0,0],"r":0},"time":{"min":0.0,"max":10.0}}},"vqe":{"iteration":1,"optimization":{"status":true,"algorithm":"SLSQP","constraint":true}},"init_param":{"value":"random"},"noise_profile":{"status":false,"type":"dephasing","noise_prob":[0.001,0.001,0.0,0.0],"noise_on_init_param":{"status":false,"value":0}},"redundant":{"identity_factors":[[0,0,0,0],[1,1,1,1]]},"zne":{"method":"richardson","degree":1,"sampling":"default","data_points":null}},"output":{"exact_sol":-3.493959207434935,"initial_cost_history":[-0.05318773236259622],"optimized_minimum_cost":[-3.4844346562555373],"optimized_parameters":[[0.6438835535215621,1.0735748890212697,1.9045996542072983,2.0416743677063645,2.4692561052333315,2.6278567878941153,2.6285630254026464,3.1174414633251093,3.253780193437494,4.164359212654154,4.293861535664016,4.8020610340190695,5.6864551390553775,5.824458625327716,5.955763550658824,6.550923545433022,6.708369886155872,6.847216603604853,7.258014845803938,7.5844895398478025,7.769074982081564,7.91553408725695,7.949176050386769,8.105454970887813,8.150419703497297,8.7267930685492,8.758483792088725,9.387320140521364,10.013468218336252,10.016008466122242,-0.029008579015983058,-0.1319045023701486,0.1308314172132939,-0.08121697679392714,0.34629405943876224,-0.37020415791430067,0.2815057628345269,-0.3076356529669259,0.24980283770714432,-0.03985384256566157,0.20907203336369823,0.1167606494974547,0.23905046418735185,0.07695345925124121,0.17401002510761907,0.3748845684225659,0.21958708525151047,0.28835393328253556,-0.037038542380009004,-0.013221367959466069,-0.03393805521819197,-0.07436777521973159,-0.060259818085522894,-0.028291841698600786,-0.02925080464982589,0.19698782285103092,-0.10225822821478388,0.17413306419559682,-0.241560466876053,0.08161460208713468,-0.004210886783523148,0.06610775750975212,0.046948060982413616,0.08960973072570176,0.08224372166873115,0.16839484327134083,0.20796488485447687,0.0950160628918321,0.26606247602098787,0.059791405544470884,0.3336961156105016,-0.009902262520517693,0.2542584967480154,-0.03182811315212414,0.29470914395078307,-0.07498993133753146,0.24882906572943667,0.021473505556935786,0.24080192334216913,0.015859706099518412,0.04895717258623322,0.23898881843470363,0.022628642742952787,0.26905431439224126,-0.036047869678311646,0.17977680491880269,0.12904170258050998,0.27711338082337916,0.0969326628772891,0.2744811549308378]],"noise_details":{"identity_factors":[0,0,0,0],"noise_level":[0,0,0,0],"gates_num":[4,1,1,0],"noise_profile":{"status":false,"type":"dephasing","noise_prob":[0.001,0.001,0.0,0.0],"noise_on_init_param":{"status":false,"value":0}},"odd_wires":2},"run_time_sec":2.7646803855895996},"others":{"observable_string":"1 X 0 X 1 + 1 Z 0 + 1 X 1 X 2 + 1 Z 1 + 1 Z 2","time_evolution_gate_hamiltonian_string":["0.5 X 0 X 1 + 0.5 Z 0 Z 1 + 0.5 X 1 X 2 + 0.5 Z 1 Z 2"]}}